frame,track_id,pred,conf,probs
29,1,assault,0.371,"[0.371, 0.238, 0.024, 0.366]"
30,1,assault,0.371,"[0.371, 0.238, 0.024, 0.367]"
31,1,assault,0.371,"[0.371, 0.238, 0.024, 0.367]"
32,1,assault,0.371,"[0.371, 0.238, 0.024, 0.367]"
33,1,assault,0.371,"[0.371, 0.238, 0.024, 0.367]"
34,1,assault,0.371,"[0.371, 0.238, 0.024, 0.367]"
35,1,assault,0.371,"[0.371, 0.238, 0.024, 0.367]"
36,1,assault,0.371,"[0.371, 0.238, 0.024, 0.367]"
37,1,assault,0.371,"[0.371, 0.239, 0.024, 0.367]"
38,1,assault,0.37,"[0.37, 0.239, 0.024, 0.367]"
39,1,assault,0.37,"[0.37, 0.239, 0.024, 0.367]"
40,1,assault,0.369,"[0.369, 0.24, 0.024, 0.367]"
41,1,assault,0.369,"[0.369, 0.241, 0.024, 0.366]"
42,1,assault,0.369,"[0.369, 0.24, 0.025, 0.367]"
43,1,assault,0.37,"[0.37, 0.238, 0.025, 0.368]"
44,1,assault,0.371,"[0.371, 0.238, 0.024, 0.367]"
45,1,assault,0.371,"[0.371, 0.239, 0.024, 0.366]"
46,1,assault,0.371,"[0.371, 0.24, 0.024, 0.365]"
47,1,assault,0.371,"[0.371, 0.241, 0.024, 0.363]"
48,1,assault,0.371,"[0.371, 0.242, 0.024, 0.362]"
49,1,assault,0.37,"[0.37, 0.244, 0.025, 0.361]"
50,1,assault,0.37,"[0.37, 0.245, 0.025, 0.361]"
51,1,assault,0.37,"[0.37, 0.245, 0.025, 0.361]"
52,1,assault,0.369,"[0.369, 0.245, 0.025, 0.36]"
53,1,assault,0.369,"[0.369, 0.245, 0.025, 0.36]"
54,1,assault,0.37,"[0.37, 0.245, 0.025, 0.36]"
55,1,assault,0.369,"[0.369, 0.245, 0.025, 0.361]"
56,1,assault,0.37,"[0.37, 0.243, 0.025, 0.362]"
57,1,assault,0.37,"[0.37, 0.242, 0.025, 0.362]"
58,1,assault,0.371,"[0.371, 0.242, 0.025, 0.363]"
59,1,assault,0.372,"[0.372, 0.242, 0.025, 0.362]"
60,1,assault,0.372,"[0.372, 0.243, 0.025, 0.361]"
61,1,assault,0.372,"[0.372, 0.244, 0.025, 0.36]"
62,1,assault,0.372,"[0.372, 0.245, 0.025, 0.358]"
63,1,assault,0.372,"[0.372, 0.246, 0.025, 0.357]"
64,1,assault,0.372,"[0.372, 0.247, 0.025, 0.356]"
65,1,assault,0.372,"[0.372, 0.248, 0.025, 0.355]"
66,1,assault,0.372,"[0.372, 0.249, 0.025, 0.355]"
67,1,assault,0.372,"[0.372, 0.249, 0.025, 0.354]"
68,1,assault,0.372,"[0.372, 0.25, 0.025, 0.353]"
69,1,assault,0.372,"[0.372, 0.25, 0.025, 0.353]"
70,1,assault,0.372,"[0.372, 0.25, 0.025, 0.353]"
71,1,assault,0.372,"[0.372, 0.251, 0.025, 0.353]"
72,1,assault,0.372,"[0.372, 0.251, 0.025, 0.352]"
73,1,assault,0.372,"[0.372, 0.252, 0.025, 0.351]"
74,1,assault,0.373,"[0.373, 0.252, 0.025, 0.35]"
75,1,assault,0.373,"[0.373, 0.252, 0.025, 0.35]"
76,1,assault,0.373,"[0.373, 0.252, 0.025, 0.35]"
77,1,assault,0.373,"[0.373, 0.252, 0.025, 0.35]"
78,1,assault,0.373,"[0.373, 0.253, 0.025, 0.349]"
79,1,assault,0.373,"[0.373, 0.253, 0.025, 0.349]"
80,1,assault,0.372,"[0.372, 0.254, 0.025, 0.349]"
81,1,assault,0.372,"[0.372, 0.254, 0.025, 0.348]"
82,1,assault,0.373,"[0.373, 0.255, 0.025, 0.347]"
83,1,assault,0.373,"[0.373, 0.255, 0.025, 0.347]"
84,1,assault,0.373,"[0.373, 0.256, 0.025, 0.346]"
85,1,assault,0.373,"[0.373, 0.256, 0.025, 0.345]"
86,1,assault,0.373,"[0.373, 0.257, 0.025, 0.344]"
87,1,assault,0.373,"[0.373, 0.258, 0.025, 0.343]"
88,1,assault,0.373,"[0.373, 0.259, 0.025, 0.342]"
89,1,assault,0.373,"[0.373, 0.261, 0.026, 0.341]"
90,1,assault,0.373,"[0.373, 0.261, 0.026, 0.34]"
91,1,assault,0.373,"[0.373, 0.262, 0.026, 0.339]"
92,1,assault,0.373,"[0.373, 0.262, 0.026, 0.338]"
93,1,assault,0.374,"[0.374, 0.263, 0.026, 0.338]"
94,1,assault,0.374,"[0.374, 0.264, 0.026, 0.337]"
95,1,assault,0.374,"[0.374, 0.264, 0.026, 0.336]"
96,1,assault,0.374,"[0.374, 0.264, 0.026, 0.336]"
97,1,assault,0.374,"[0.374, 0.265, 0.026, 0.335]"
98,1,assault,0.375,"[0.375, 0.265, 0.026, 0.334]"
99,1,assault,0.375,"[0.375, 0.265, 0.026, 0.334]"
100,1,assault,0.376,"[0.376, 0.264, 0.026, 0.334]"
101,1,assault,0.377,"[0.377, 0.264, 0.026, 0.333]"
102,1,assault,0.377,"[0.377, 0.264, 0.026, 0.333]"
103,1,assault,0.377,"[0.377, 0.265, 0.026, 0.333]"
104,1,assault,0.376,"[0.376, 0.266, 0.026, 0.332]"
105,1,assault,0.377,"[0.377, 0.266, 0.025, 0.332]"
106,1,assault,0.377,"[0.377, 0.267, 0.025, 0.331]"
107,1,assault,0.377,"[0.377, 0.268, 0.025, 0.33]"
108,1,assault,0.376,"[0.376, 0.27, 0.025, 0.329]"
109,1,assault,0.375,"[0.375, 0.272, 0.025, 0.328]"
110,1,assault,0.375,"[0.375, 0.273, 0.025, 0.327]"
111,1,assault,0.374,"[0.374, 0.274, 0.025, 0.327]"
112,1,assault,0.373,"[0.373, 0.275, 0.025, 0.326]"
113,1,assault,0.373,"[0.373, 0.276, 0.025, 0.326]"
114,1,assault,0.373,"[0.373, 0.278, 0.025, 0.324]"
115,1,assault,0.372,"[0.372, 0.28, 0.026, 0.323]"
116,1,assault,0.371,"[0.371, 0.281, 0.026, 0.322]"
117,1,assault,0.371,"[0.371, 0.282, 0.026, 0.321]"
118,1,assault,0.371,"[0.371, 0.283, 0.026, 0.32]"
119,1,assault,0.371,"[0.371, 0.283, 0.026, 0.32]"
120,1,assault,0.371,"[0.371, 0.283, 0.026, 0.319]"
121,1,assault,0.371,"[0.371, 0.284, 0.026, 0.319]"
122,1,assault,0.371,"[0.371, 0.284, 0.026, 0.319]"
123,1,assault,0.371,"[0.371, 0.284, 0.026, 0.319]"
124,1,assault,0.371,"[0.371, 0.285, 0.026, 0.318]"
125,1,assault,0.37,"[0.37, 0.286, 0.026, 0.317]"
126,1,assault,0.369,"[0.369, 0.288, 0.026, 0.317]"
127,1,assault,0.368,"[0.368, 0.289, 0.027, 0.316]"
128,1,assault,0.368,"[0.368, 0.291, 0.027, 0.315]"
129,1,assault,0.367,"[0.367, 0.292, 0.027, 0.314]"
130,1,assault,0.367,"[0.367, 0.293, 0.027, 0.313]"
131,1,assault,0.367,"[0.367, 0.293, 0.027, 0.313]"
132,1,assault,0.367,"[0.367, 0.292, 0.027, 0.313]"
133,1,assault,0.368,"[0.368, 0.292, 0.027, 0.312]"
134,1,assault,0.368,"[0.368, 0.293, 0.027, 0.311]"
135,1,assault,0.368,"[0.368, 0.294, 0.028, 0.31]"
136,1,assault,0.367,"[0.367, 0.296, 0.028, 0.309]"
137,1,assault,0.367,"[0.367, 0.297, 0.028, 0.308]"
138,1,assault,0.366,"[0.366, 0.299, 0.028, 0.307]"
139,1,assault,0.365,"[0.365, 0.302, 0.028, 0.305]"
140,1,assault,0.364,"[0.364, 0.304, 0.028, 0.304]"
141,1,assault,0.363,"[0.363, 0.307, 0.028, 0.302]"
142,1,assault,0.362,"[0.362, 0.31, 0.029, 0.3]"
143,1,assault,0.36,"[0.36, 0.312, 0.029, 0.299]"
144,1,assault,0.359,"[0.359, 0.315, 0.029, 0.297]"
145,1,assault,0.358,"[0.358, 0.318, 0.029, 0.295]"
146,1,assault,0.356,"[0.356, 0.32, 0.03, 0.294]"
147,1,assault,0.355,"[0.355, 0.322, 0.03, 0.293]"
148,1,assault,0.355,"[0.355, 0.323, 0.03, 0.292]"
149,1,assault,0.354,"[0.354, 0.325, 0.03, 0.291]"
150,1,assault,0.353,"[0.353, 0.326, 0.03, 0.29]"
151,1,assault,0.353,"[0.353, 0.328, 0.03, 0.289]"
152,1,assault,0.352,"[0.352, 0.329, 0.03, 0.289]"
153,1,assault,0.351,"[0.351, 0.333, 0.031, 0.285]"
154,1,assault,0.351,"[0.351, 0.335, 0.031, 0.283]"
155,1,normal,0.399,"[0.332, 0.246, 0.022, 0.399]"
156,1,normal,0.394,"[0.33, 0.254, 0.023, 0.394]"
157,1,normal,0.389,"[0.327, 0.261, 0.024, 0.389]"
158,1,normal,0.385,"[0.324, 0.267, 0.024, 0.385]"
159,1,normal,0.382,"[0.32, 0.273, 0.025, 0.382]"
160,1,assault,0.35,"[0.35, 0.307, 0.024, 0.318]"
161,1,불확실,0.349,"[0.349, 0.345, 0.026, 0.28]"
162,1,falldown,0.374,"[0.337, 0.374, 0.029, 0.26]"
163,1,falldown,0.395,"[0.324, 0.395, 0.032, 0.249]"
164,1,falldown,0.408,"[0.314, 0.408, 0.035, 0.242]"
165,1,falldown,0.416,"[0.308, 0.416, 0.038, 0.239]"
166,1,falldown,0.418,"[0.304, 0.418, 0.04, 0.238]"
167,1,falldown,0.416,"[0.304, 0.416, 0.041, 0.239]"
168,1,falldown,0.412,"[0.305, 0.412, 0.042, 0.242]"
169,1,falldown,0.405,"[0.307, 0.405, 0.042, 0.246]"
170,1,falldown,0.397,"[0.31, 0.397, 0.042, 0.251]"
171,1,falldown,0.389,"[0.313, 0.389, 0.042, 0.256]"
172,1,falldown,0.379,"[0.315, 0.379, 0.044, 0.262]"
173,1,falldown,0.367,"[0.318, 0.367, 0.046, 0.268]"
174,1,falldown,0.353,"[0.321, 0.353, 0.055, 0.271]"
175,1,불확실,0.346,"[0.327, 0.346, 0.053, 0.275]"
176,1,불확실,0.341,"[0.331, 0.341, 0.051, 0.278]"
177,1,불확실,0.336,"[0.336, 0.335, 0.049, 0.28]"
178,1,불확실,0.339,"[0.339, 0.331, 0.047, 0.283]"
179,1,falldown,0.355,"[0.345, 0.355, 0.034, 0.265]"
180,1,falldown,0.355,"[0.345, 0.355, 0.034, 0.266]"
181,1,falldown,0.354,"[0.346, 0.354, 0.034, 0.266]"
182,1,normal,0.395,"[0.333, 0.25, 0.023, 0.395]"
183,1,assault,0.402,"[0.402, 0.29, 0.074, 0.235]"
184,1,assault,0.39,"[0.39, 0.303, 0.084, 0.224]"
185,1,assault,0.377,"[0.377, 0.314, 0.095, 0.214]"
186,1,assault,0.364,"[0.364, 0.322, 0.108, 0.206]"
187,1,assault,0.351,"[0.351, 0.329, 0.122, 0.198]"
188,1,불확실,0.338,"[0.338, 0.333, 0.137, 0.192]"
189,1,불확실,0.334,"[0.326, 0.334, 0.154, 0.185]"
190,1,불확실,0.334,"[0.315, 0.334, 0.172, 0.18]"
191,1,불확실,0.331,"[0.305, 0.331, 0.19, 0.174]"
192,1,불확실,0.327,"[0.294, 0.327, 0.21, 0.169]"
193,1,불확실,0.32,"[0.285, 0.32, 0.232, 0.164]"
194,1,불확실,0.334,"[0.267, 0.334, 0.21, 0.188]"
195,1,불확실,0.344,"[0.254, 0.344, 0.209, 0.194]"
196,1,불확실,0.349,"[0.242, 0.349, 0.217, 0.193]"
197,1,불확실,0.349,"[0.23, 0.349, 0.23, 0.19]"
198,1,불확실,0.344,"[0.219, 0.344, 0.25, 0.186]"
199,1,불확실,0.33,"[0.207, 0.33, 0.282, 0.18]"
200,1,불확실,0.341,"[0.192, 0.3, 0.341, 0.166]"
201,1,intrusion,0.422,"[0.192, 0.266, 0.422, 0.12]"
202,1,intrusion,0.476,"[0.192, 0.237, 0.476, 0.095]"
203,1,intrusion,0.466,"[0.195, 0.247, 0.466, 0.092]"
204,1,intrusion,0.456,"[0.197, 0.256, 0.456, 0.091]"
205,1,intrusion,0.443,"[0.2, 0.265, 0.443, 0.092]"
206,1,intrusion,0.429,"[0.204, 0.273, 0.429, 0.094]"
207,1,intrusion,0.412,"[0.21, 0.281, 0.412, 0.097]"
208,1,intrusion,0.394,"[0.217, 0.288, 0.394, 0.101]"
209,1,intrusion,0.373,"[0.226, 0.294, 0.373, 0.107]"
210,1,불확실,0.349,"[0.238, 0.299, 0.349, 0.114]"
211,1,불확실,0.323,"[0.252, 0.302, 0.323, 0.123]"
212,1,불확실,0.304,"[0.269, 0.304, 0.292, 0.135]"
213,1,falldown,0.36,"[0.315, 0.36, 0.054, 0.271]"
214,1,falldown,0.353,"[0.32, 0.353, 0.052, 0.275]"
215,1,불확실,0.346,"[0.325, 0.346, 0.05, 0.28]"
216,1,불확실,0.339,"[0.329, 0.339, 0.048, 0.284]"
217,1,불확실,0.334,"[0.334, 0.332, 0.046, 0.287]"
218,1,불확실,0.338,"[0.338, 0.327, 0.045, 0.29]"
219,1,불확실,0.341,"[0.341, 0.323, 0.043, 0.292]"
220,1,불확실,0.349,"[0.346, 0.349, 0.031, 0.274]"
221,1,불확실,0.349,"[0.346, 0.349, 0.031, 0.274]"
222,1,불확실,0.348,"[0.346, 0.348, 0.031, 0.274]"
223,1,불확실,0.347,"[0.347, 0.347, 0.031, 0.275]"
224,1,불확실,0.347,"[0.347, 0.347, 0.031, 0.275]"
225,1,불확실,0.348,"[0.348, 0.347, 0.031, 0.275]"
226,1,불확실,0.348,"[0.348, 0.346, 0.031, 0.275]"
227,1,불확실,0.349,"[0.349, 0.346, 0.031, 0.274]"
228,1,불확실,0.349,"[0.349, 0.346, 0.03, 0.274]"
229,1,불확실,0.35,"[0.35, 0.346, 0.03, 0.274]"
230,1,assault,0.35,"[0.35, 0.345, 0.03, 0.274]"
231,1,assault,0.35,"[0.35, 0.345, 0.03, 0.274]"
232,1,assault,0.35,"[0.35, 0.345, 0.03, 0.274]"
233,1,assault,0.35,"[0.35, 0.346, 0.03, 0.274]"
234,1,불확실,0.35,"[0.35, 0.347, 0.03, 0.273]"
235,1,불확실,0.349,"[0.348, 0.349, 0.03, 0.273]"
236,1,불확실,0.35,"[0.347, 0.35, 0.03, 0.272]"
237,1,falldown,0.351,"[0.347, 0.351, 0.03, 0.272]"
238,1,falldown,0.351,"[0.346, 0.351, 0.03, 0.272]"
239,1,falldown,0.352,"[0.346, 0.352, 0.031, 0.272]"
240,1,falldown,0.352,"[0.346, 0.352, 0.031, 0.272]"
241,1,falldown,0.352,"[0.346, 0.352, 0.031, 0.272]"
242,1,falldown,0.351,"[0.346, 0.351, 0.031, 0.272]"
243,1,falldown,0.351,"[0.346, 0.351, 0.031, 0.271]"
244,1,falldown,0.351,"[0.347, 0.351, 0.031, 0.271]"
245,1,falldown,0.351,"[0.347, 0.351, 0.031, 0.271]"
246,1,falldown,0.351,"[0.348, 0.351, 0.03, 0.271]"
247,1,falldown,0.351,"[0.348, 0.351, 0.03, 0.271]"
248,1,falldown,0.35,"[0.348, 0.35, 0.03, 0.271]"
249,1,불확실,0.35,"[0.349, 0.35, 0.03, 0.271]"
250,1,불확실,0.349,"[0.349, 0.349, 0.03, 0.272]"
251,1,불확실,0.349,"[0.349, 0.349, 0.031, 0.272]"
252,1,assault,0.35,"[0.35, 0.347, 0.031, 0.273]"
253,1,assault,0.351,"[0.351, 0.345, 0.031, 0.273]"
254,1,assault,0.353,"[0.353, 0.343, 0.03, 0.273]"
255,1,assault,0.354,"[0.354, 0.342, 0.03, 0.274]"
256,1,assault,0.355,"[0.355, 0.342, 0.03, 0.274]"
257,1,assault,0.356,"[0.356, 0.341, 0.03, 0.273]"
258,1,assault,0.356,"[0.356, 0.341, 0.03, 0.273]"
259,1,assault,0.356,"[0.356, 0.342, 0.029, 0.273]"
260,1,assault,0.355,"[0.355, 0.343, 0.029, 0.273]"
261,1,assault,0.354,"[0.354, 0.344, 0.03, 0.273]"
262,1,assault,0.354,"[0.354, 0.344, 0.03, 0.273]"
263,1,assault,0.354,"[0.354, 0.344, 0.03, 0.273]"
264,1,assault,0.354,"[0.354, 0.343, 0.03, 0.273]"
265,1,assault,0.355,"[0.355, 0.342, 0.03, 0.273]"
266,1,assault,0.356,"[0.356, 0.342, 0.03, 0.273]"
267,1,assault,0.356,"[0.356, 0.341, 0.03, 0.273]"
268,1,assault,0.357,"[0.357, 0.34, 0.03, 0.273]"
269,1,assault,0.357,"[0.357, 0.339, 0.03, 0.274]"
270,1,assault,0.358,"[0.358, 0.338, 0.029, 0.274]"
271,1,assault,0.359,"[0.359, 0.337, 0.029, 0.275]"
272,1,assault,0.359,"[0.359, 0.336, 0.029, 0.276]"
273,1,assault,0.36,"[0.36, 0.335, 0.029, 0.276]"
274,1,assault,0.361,"[0.361, 0.334, 0.029, 0.277]"
275,1,assault,0.361,"[0.361, 0.334, 0.029, 0.277]"
276,1,assault,0.361,"[0.361, 0.334, 0.029, 0.277]"
277,1,assault,0.361,"[0.361, 0.333, 0.029, 0.277]"
278,1,assault,0.361,"[0.361, 0.333, 0.029, 0.277]"
279,1,assault,0.361,"[0.361, 0.333, 0.029, 0.277]"
280,1,assault,0.361,"[0.361, 0.333, 0.029, 0.277]"
281,1,assault,0.362,"[0.362, 0.332, 0.029, 0.277]"
282,1,assault,0.362,"[0.362, 0.331, 0.029, 0.277]"
283,1,assault,0.363,"[0.363, 0.33, 0.029, 0.278]"
284,1,assault,0.364,"[0.364, 0.329, 0.029, 0.278]"
285,1,assault,0.364,"[0.364, 0.329, 0.029, 0.278]"
286,1,assault,0.365,"[0.365, 0.328, 0.029, 0.279]"
287,1,assault,0.365,"[0.365, 0.328, 0.029, 0.279]"
288,1,assault,0.366,"[0.366, 0.326, 0.029, 0.279]"
289,1,normal,0.399,"[0.346, 0.234, 0.02, 0.399]"
290,1,normal,0.395,"[0.343, 0.24, 0.021, 0.395]"
291,1,normal,0.392,"[0.341, 0.247, 0.021, 0.392]"
292,1,normal,0.388,"[0.338, 0.252, 0.022, 0.388]"
293,1,normal,0.386,"[0.335, 0.257, 0.022, 0.386]"
294,1,normal,0.384,"[0.332, 0.261, 0.022, 0.384]"
295,1,normal,0.382,"[0.33, 0.265, 0.023, 0.382]"
296,1,normal,0.381,"[0.328, 0.267, 0.023, 0.381]"
297,1,normal,0.381,"[0.327, 0.269, 0.023, 0.381]"
298,1,normal,0.38,"[0.327, 0.27, 0.024, 0.38]"
299,1,normal,0.38,"[0.326, 0.27, 0.024, 0.38]"
300,1,normal,0.381,"[0.326, 0.27, 0.024, 0.381]"
301,1,normal,0.382,"[0.325, 0.269, 0.024, 0.382]"
302,1,normal,0.384,"[0.325, 0.267, 0.024, 0.384]"
303,1,normal,0.387,"[0.324, 0.265, 0.024, 0.387]"
304,1,normal,0.39,"[0.322, 0.263, 0.024, 0.39]"
305,1,normal,0.395,"[0.318, 0.261, 0.025, 0.395]"
306,1,normal,0.402,"[0.314, 0.258, 0.026, 0.402]"
307,1,normal,0.409,"[0.309, 0.254, 0.028, 0.409]"
308,1,normal,0.416,"[0.302, 0.248, 0.034, 0.416]"
309,1,normal,0.416,"[0.302, 0.247, 0.034, 0.416]"
310,1,assault,0.356,"[0.356, 0.279, 0.133, 0.232]"
311,1,불확실,0.346,"[0.346, 0.283, 0.149, 0.223]"
312,1,불확실,0.335,"[0.335, 0.285, 0.166, 0.214]"
313,1,불확실,0.325,"[0.325, 0.285, 0.184, 0.207]"
314,1,불확실,0.315,"[0.315, 0.284, 0.202, 0.2]"
315,1,불확실,0.304,"[0.304, 0.282, 0.221, 0.193]"
316,1,불확실,0.293,"[0.293, 0.278, 0.242, 0.186]"
317,1,불확실,0.282,"[0.282, 0.274, 0.264, 0.18]"
318,1,불확실,0.286,"[0.273, 0.268, 0.286, 0.174]"
319,1,불확실,0.309,"[0.262, 0.262, 0.309, 0.167]"
320,1,불확실,0.333,"[0.253, 0.254, 0.333, 0.16]"
321,1,intrusion,0.357,"[0.244, 0.245, 0.357, 0.154]"
322,1,intrusion,0.382,"[0.235, 0.236, 0.382, 0.147]"
323,1,intrusion,0.406,"[0.227, 0.227, 0.406, 0.14]"
324,1,intrusion,0.431,"[0.219, 0.217, 0.431, 0.133]"
325,1,intrusion,0.456,"[0.211, 0.206, 0.456, 0.126]"
326,1,intrusion,0.486,"[0.203, 0.193, 0.486, 0.118]"
327,1,intrusion,0.525,"[0.193, 0.173, 0.525, 0.109]"
328,1,intrusion,0.583,"[0.178, 0.144, 0.583, 0.095]"
329,1,intrusion,0.653,"[0.159, 0.11, 0.653, 0.078]"
330,1,intrusion,0.652,"[0.16, 0.11, 0.652, 0.078]"
331,1,intrusion,0.652,"[0.16, 0.11, 0.652, 0.078]"
332,1,intrusion,0.652,"[0.159, 0.11, 0.652, 0.078]"
333,1,intrusion,0.655,"[0.158, 0.11, 0.655, 0.078]"
334,1,intrusion,0.657,"[0.157, 0.108, 0.657, 0.078]"
335,1,intrusion,0.658,"[0.157, 0.108, 0.658, 0.078]"
336,1,intrusion,0.656,"[0.157, 0.108, 0.656, 0.078]"
337,1,intrusion,0.656,"[0.157, 0.108, 0.656, 0.079]"
338,1,intrusion,0.654,"[0.158, 0.109, 0.654, 0.079]"
339,1,intrusion,0.651,"[0.16, 0.11, 0.651, 0.08]"
340,1,intrusion,0.648,"[0.161, 0.112, 0.648, 0.08]"
341,1,intrusion,0.646,"[0.162, 0.113, 0.646, 0.08]"
342,1,intrusion,0.644,"[0.162, 0.113, 0.644, 0.08]"
343,1,intrusion,0.644,"[0.162, 0.114, 0.644, 0.081]"
344,1,intrusion,0.645,"[0.161, 0.113, 0.645, 0.081]"
345,1,intrusion,0.646,"[0.16, 0.113, 0.646, 0.081]"
346,1,intrusion,0.647,"[0.16, 0.113, 0.647, 0.081]"
347,1,intrusion,0.648,"[0.159, 0.112, 0.648, 0.081]"
348,1,intrusion,0.596,"[0.167, 0.132, 0.596, 0.104]"
349,1,intrusion,0.566,"[0.172, 0.148, 0.566, 0.114]"
350,1,intrusion,0.54,"[0.176, 0.165, 0.54, 0.119]"
351,1,intrusion,0.524,"[0.176, 0.179, 0.524, 0.121]"
352,1,intrusion,0.509,"[0.176, 0.192, 0.509, 0.123]"
353,1,intrusion,0.496,"[0.175, 0.204, 0.496, 0.124]"
354,1,intrusion,0.488,"[0.172, 0.213, 0.488, 0.126]"
355,1,intrusion,0.474,"[0.172, 0.224, 0.474, 0.13]"
356,1,intrusion,0.41,"[0.202, 0.269, 0.41, 0.119]"
357,1,intrusion,0.39,"[0.21, 0.292, 0.39, 0.108]"
358,1,intrusion,0.383,"[0.209, 0.306, 0.383, 0.102]"
359,1,intrusion,0.377,"[0.206, 0.318, 0.377, 0.099]"
360,1,intrusion,0.373,"[0.204, 0.326, 0.373, 0.097]"
361,1,intrusion,0.37,"[0.202, 0.333, 0.37, 0.095]"
362,1,intrusion,0.365,"[0.201, 0.339, 0.365, 0.095]"
363,1,intrusion,0.354,"[0.204, 0.345, 0.354, 0.097]"
410,2,assault,0.439,"[0.439, 0.294, 0.02, 0.246]"
411,2,assault,0.417,"[0.417, 0.327, 0.024, 0.231]"
412,2,assault,0.395,"[0.395, 0.36, 0.029, 0.217]"
413,2,falldown,0.394,"[0.371, 0.394, 0.035, 0.2]"
414,2,falldown,0.431,"[0.346, 0.431, 0.042, 0.182]"
415,2,falldown,0.471,"[0.316, 0.471, 0.053, 0.16]"
416,2,falldown,0.514,"[0.281, 0.514, 0.067, 0.137]"
417,2,falldown,0.56,"[0.237, 0.56, 0.09, 0.113]"
418,2,falldown,0.562,"[0.236, 0.562, 0.09, 0.113]"
419,2,falldown,0.562,"[0.236, 0.562, 0.09, 0.113]"
420,2,falldown,0.562,"[0.235, 0.562, 0.09, 0.112]"
421,2,falldown,0.562,"[0.235, 0.562, 0.09, 0.113]"
422,2,falldown,0.561,"[0.236, 0.561, 0.09, 0.113]"
423,2,falldown,0.561,"[0.236, 0.561, 0.09, 0.113]"
424,2,falldown,0.56,"[0.236, 0.56, 0.09, 0.114]"
425,2,falldown,0.56,"[0.237, 0.56, 0.089, 0.114]"
426,2,falldown,0.558,"[0.238, 0.558, 0.089, 0.115]"
427,2,falldown,0.556,"[0.239, 0.556, 0.089, 0.117]"
428,2,falldown,0.553,"[0.241, 0.553, 0.088, 0.118]"
429,2,falldown,0.551,"[0.243, 0.551, 0.087, 0.119]"
430,2,falldown,0.548,"[0.245, 0.548, 0.086, 0.12]"
431,2,assault,0.398,"[0.398, 0.395, 0.081, 0.125]"
432,2,assault,0.401,"[0.401, 0.393, 0.081, 0.125]"
433,2,assault,0.401,"[0.401, 0.393, 0.082, 0.124]"
434,2,assault,0.399,"[0.399, 0.394, 0.084, 0.123]"
435,2,assault,0.395,"[0.395, 0.315, 0.075, 0.216]"
436,2,assault,0.388,"[0.388, 0.32, 0.079, 0.213]"
437,2,assault,0.378,"[0.378, 0.326, 0.085, 0.21]"
438,2,assault,0.367,"[0.367, 0.334, 0.093, 0.206]"
439,2,assault,0.355,"[0.355, 0.343, 0.101, 0.201]"
440,2,falldown,0.352,"[0.341, 0.352, 0.111, 0.197]"
441,2,falldown,0.36,"[0.327, 0.36, 0.121, 0.192]"
442,2,falldown,0.366,"[0.313, 0.366, 0.133, 0.188]"
443,2,falldown,0.369,"[0.3, 0.369, 0.148, 0.183]"
444,2,falldown,0.369,"[0.289, 0.369, 0.164, 0.178]"
445,2,falldown,0.367,"[0.278, 0.367, 0.181, 0.174]"
446,2,falldown,0.364,"[0.269, 0.364, 0.196, 0.171]"
447,2,falldown,0.358,"[0.26, 0.358, 0.216, 0.167]"
448,2,불확실,0.347,"[0.253, 0.347, 0.237, 0.164]"
449,2,불확실,0.324,"[0.246, 0.324, 0.273, 0.156]"
450,2,불확실,0.332,"[0.262, 0.332, 0.268, 0.139]"
451,2,falldown,0.356,"[0.253, 0.356, 0.267, 0.124]"
452,2,falldown,0.364,"[0.233, 0.364, 0.293, 0.11]"
453,2,falldown,0.354,"[0.211, 0.354, 0.337, 0.097]"
454,2,intrusion,0.401,"[0.191, 0.324, 0.401, 0.084]"
455,2,intrusion,0.412,"[0.181, 0.33, 0.412, 0.078]"
456,2,intrusion,0.417,"[0.172, 0.338, 0.417, 0.074]"
457,2,intrusion,0.415,"[0.165, 0.348, 0.415, 0.071]"
458,2,intrusion,0.414,"[0.159, 0.358, 0.414, 0.069]"
459,2,intrusion,0.413,"[0.153, 0.367, 0.413, 0.067]"
460,2,intrusion,0.412,"[0.149, 0.374, 0.412, 0.065]"
461,2,intrusion,0.41,"[0.146, 0.38, 0.41, 0.064]"
462,2,intrusion,0.409,"[0.143, 0.385, 0.409, 0.063]"
463,2,intrusion,0.405,"[0.142, 0.39, 0.405, 0.063]"
464,2,intrusion,0.4,"[0.143, 0.395, 0.4, 0.063]"
465,2,falldown,0.4,"[0.145, 0.4, 0.391, 0.064]"
466,2,falldown,0.406,"[0.148, 0.406, 0.381, 0.065]"
467,2,falldown,0.411,"[0.154, 0.411, 0.368, 0.067]"
468,2,falldown,0.416,"[0.161, 0.416, 0.354, 0.069]"
469,2,falldown,0.597,"[0.2, 0.597, 0.103, 0.099]"
470,2,falldown,0.597,"[0.2, 0.597, 0.104, 0.098]"
471,2,falldown,0.598,"[0.2, 0.598, 0.105, 0.097]"
472,2,falldown,0.598,"[0.2, 0.598, 0.106, 0.096]"
497,2,falldown,0.603,"[0.197, 0.603, 0.106, 0.095]"
498,2,falldown,0.608,"[0.193, 0.608, 0.106, 0.093]"
499,2,falldown,0.612,"[0.189, 0.612, 0.108, 0.091]"
500,2,falldown,0.614,"[0.186, 0.614, 0.11, 0.089]"
527,2,falldown,0.609,"[0.19, 0.609, 0.112, 0.09]"
528,2,falldown,0.601,"[0.196, 0.601, 0.113, 0.09]"
529,2,falldown,0.594,"[0.203, 0.594, 0.111, 0.092]"
530,2,falldown,0.587,"[0.211, 0.587, 0.109, 0.093]"
531,2,falldown,0.581,"[0.219, 0.581, 0.106, 0.095]"
532,2,falldown,0.422,"[0.265, 0.422, 0.052, 0.26]"
533,2,assault,0.386,"[0.386, 0.308, 0.065, 0.241]"
534,2,assault,0.394,"[0.394, 0.298, 0.064, 0.243]"
535,2,assault,0.399,"[0.399, 0.294, 0.064, 0.243]"
536,2,assault,0.4,"[0.4, 0.294, 0.066, 0.24]"
537,2,assault,0.397,"[0.397, 0.298, 0.069, 0.236]"
538,2,assault,0.39,"[0.39, 0.305, 0.074, 0.232]"
539,2,assault,0.381,"[0.381, 0.313, 0.08, 0.226]"
628,4,assault,0.413,"[0.413, 0.092, 0.271, 0.223]"
629,4,assault,0.495,"[0.495, 0.079, 0.284, 0.142]"
630,4,assault,0.89,"[0.89, 0.067, 0.01, 0.034]"
631,4,assault,0.937,"[0.937, 0.032, 0.004, 0.027]"
632,4,assault,0.949,"[0.949, 0.021, 0.002, 0.027]"
633,4,assault,0.952,"[0.952, 0.018, 0.002, 0.028]"
634,4,assault,0.952,"[0.952, 0.018, 0.001, 0.029]"
635,4,assault,0.953,"[0.953, 0.018, 0.001, 0.028]"
636,4,assault,0.953,"[0.953, 0.018, 0.001, 0.028]"
637,4,assault,0.953,"[0.953, 0.016, 0.001, 0.03]"
638,4,assault,0.953,"[0.953, 0.015, 0.001, 0.031]"
639,4,assault,0.862,"[0.862, 0.004, 0.002, 0.132]"
640,4,assault,0.86,"[0.86, 0.004, 0.002, 0.134]"
641,4,assault,0.814,"[0.814, 0.004, 0.002, 0.18]"
642,4,assault,0.817,"[0.817, 0.004, 0.002, 0.178]"
643,4,assault,0.821,"[0.821, 0.004, 0.002, 0.173]"
644,4,assault,0.829,"[0.829, 0.004, 0.002, 0.166]"
645,4,assault,0.81,"[0.81, 0.005, 0.001, 0.184]"
646,4,assault,0.818,"[0.818, 0.005, 0.001, 0.176]"
647,4,assault,0.913,"[0.913, 0.004, 0.0, 0.082]"
648,4,assault,0.912,"[0.912, 0.004, 0.001, 0.084]"
649,4,assault,0.908,"[0.908, 0.003, 0.001, 0.088]"
650,4,assault,0.902,"[0.902, 0.003, 0.001, 0.094]"
651,4,assault,0.745,"[0.745, 0.052, 0.005, 0.198]"
652,4,assault,0.711,"[0.711, 0.05, 0.007, 0.233]"
653,4,assault,0.638,"[0.638, 0.051, 0.011, 0.299]"
654,4,assault,0.571,"[0.571, 0.047, 0.017, 0.365]"
655,4,assault,0.573,"[0.573, 0.045, 0.029, 0.352]"
656,4,assault,0.533,"[0.533, 0.043, 0.052, 0.372]"
657,4,assault,0.528,"[0.528, 0.035, 0.075, 0.362]"
658,4,assault,0.537,"[0.537, 0.028, 0.09, 0.345]"
659,4,assault,0.499,"[0.499, 0.026, 0.108, 0.367]"
660,4,assault,0.492,"[0.492, 0.023, 0.118, 0.366]"
661,4,assault,0.482,"[0.482, 0.024, 0.118, 0.375]"
662,4,assault,0.474,"[0.474, 0.025, 0.116, 0.385]"
663,4,assault,0.468,"[0.468, 0.025, 0.11, 0.397]"
664,4,assault,0.462,"[0.462, 0.026, 0.104, 0.408]"
665,4,assault,0.454,"[0.454, 0.029, 0.101, 0.416]"
666,4,normal,0.44,"[0.42, 0.047, 0.093, 0.44]"
667,4,assault,0.414,"[0.414, 0.101, 0.107, 0.377]"
668,4,assault,0.404,"[0.404, 0.194, 0.115, 0.287]"
669,4,assault,0.382,"[0.382, 0.296, 0.106, 0.215]"
670,4,falldown,0.4,"[0.35, 0.4, 0.091, 0.159]"
671,4,falldown,0.414,"[0.341, 0.414, 0.091, 0.155]"
672,4,falldown,0.427,"[0.333, 0.427, 0.091, 0.15]"
673,4,falldown,0.44,"[0.325, 0.44, 0.089, 0.146]"
674,4,falldown,0.615,"[0.236, 0.615, 0.049, 0.101]"
675,4,falldown,0.623,"[0.229, 0.623, 0.047, 0.1]"
676,4,falldown,0.632,"[0.223, 0.632, 0.046, 0.099]"
677,4,falldown,0.521,"[0.317, 0.521, 0.067, 0.095]"
678,4,falldown,0.522,"[0.316, 0.522, 0.067, 0.095]"
679,4,falldown,0.524,"[0.315, 0.524, 0.066, 0.095]"
680,4,falldown,0.525,"[0.314, 0.525, 0.066, 0.096]"
681,4,falldown,0.527,"[0.313, 0.527, 0.065, 0.096]"
682,4,falldown,0.537,"[0.33, 0.537, 0.044, 0.089]"
683,4,falldown,0.469,"[0.416, 0.469, 0.035, 0.081]"
684,4,assault,0.509,"[0.509, 0.381, 0.03, 0.08]"
685,4,assault,0.471,"[0.471, 0.429, 0.018, 0.083]"
686,4,assault,0.627,"[0.627, 0.303, 0.03, 0.039]"
687,4,assault,0.737,"[0.737, 0.213, 0.025, 0.025]"
688,4,assault,0.809,"[0.809, 0.162, 0.014, 0.015]"
689,4,assault,0.849,"[0.849, 0.133, 0.007, 0.011]"
690,4,assault,0.849,"[0.849, 0.138, 0.004, 0.009]"
691,4,assault,0.828,"[0.828, 0.159, 0.003, 0.009]"
692,4,assault,0.791,"[0.791, 0.197, 0.003, 0.009]"
693,4,assault,0.771,"[0.771, 0.218, 0.003, 0.009]"
694,4,assault,0.761,"[0.761, 0.228, 0.002, 0.009]"
695,4,assault,0.767,"[0.767, 0.222, 0.002, 0.009]"
696,4,assault,0.793,"[0.793, 0.196, 0.002, 0.009]"
697,4,assault,0.728,"[0.728, 0.263, 0.002, 0.007]"
698,4,assault,0.724,"[0.724, 0.268, 0.002, 0.006]"
699,4,assault,0.712,"[0.712, 0.28, 0.002, 0.006]"
700,4,assault,0.703,"[0.703, 0.289, 0.001, 0.006]"
701,4,assault,0.781,"[0.781, 0.209, 0.001, 0.009]"
702,4,assault,0.767,"[0.767, 0.224, 0.001, 0.009]"
703,4,assault,0.752,"[0.752, 0.239, 0.001, 0.008]"
704,4,assault,0.747,"[0.747, 0.244, 0.001, 0.008]"
705,4,assault,0.529,"[0.529, 0.465, 0.001, 0.005]"
706,4,assault,0.552,"[0.552, 0.442, 0.001, 0.005]"
707,4,assault,0.594,"[0.594, 0.4, 0.001, 0.005]"
708,4,assault,0.63,"[0.63, 0.363, 0.001, 0.005]"
709,4,assault,0.656,"[0.656, 0.338, 0.001, 0.006]"
710,4,assault,0.701,"[0.701, 0.292, 0.001, 0.006]"
711,4,assault,0.77,"[0.77, 0.223, 0.001, 0.006]"
712,4,assault,0.81,"[0.81, 0.184, 0.001, 0.005]"
713,4,assault,0.813,"[0.813, 0.181, 0.001, 0.005]"
714,4,assault,0.79,"[0.79, 0.204, 0.001, 0.006]"
715,4,assault,0.917,"[0.917, 0.044, 0.0, 0.039]"
716,4,assault,0.917,"[0.917, 0.04, 0.0, 0.043]"
717,4,assault,0.917,"[0.917, 0.035, 0.0, 0.048]"
718,4,assault,0.916,"[0.916, 0.031, 0.0, 0.053]"
719,4,assault,0.914,"[0.914, 0.025, 0.0, 0.06]"
720,4,assault,0.909,"[0.909, 0.024, 0.0, 0.066]"
721,4,assault,0.904,"[0.904, 0.022, 0.0, 0.073]"
722,4,assault,0.897,"[0.897, 0.021, 0.0, 0.082]"
723,4,assault,0.855,"[0.855, 0.072, 0.001, 0.072]"
724,4,assault,0.831,"[0.831, 0.086, 0.002, 0.081]"
725,4,assault,0.802,"[0.802, 0.104, 0.002, 0.092]"
726,4,assault,0.758,"[0.758, 0.133, 0.003, 0.106]"
727,4,assault,0.687,"[0.687, 0.167, 0.003, 0.143]"
728,4,assault,0.583,"[0.583, 0.232, 0.005, 0.181]"
729,4,assault,0.501,"[0.501, 0.276, 0.007, 0.216]"
730,4,assault,0.425,"[0.425, 0.32, 0.011, 0.244]"
731,4,assault,0.372,"[0.372, 0.347, 0.015, 0.266]"
732,4,falldown,0.359,"[0.334, 0.359, 0.019, 0.289]"
733,4,불확실,0.334,"[0.318, 0.325, 0.022, 0.334]"
734,4,normal,0.423,"[0.31, 0.244, 0.023, 0.423]"
735,4,normal,0.426,"[0.318, 0.234, 0.022, 0.426]"
736,4,normal,0.426,"[0.326, 0.226, 0.022, 0.426]"
737,4,assault,0.541,"[0.541, 0.074, 0.01, 0.375]"
738,4,assault,0.531,"[0.531, 0.066, 0.008, 0.395]"
739,4,assault,0.531,"[0.531, 0.061, 0.007, 0.402]"
740,4,assault,0.532,"[0.532, 0.058, 0.006, 0.403]"
741,4,assault,0.536,"[0.536, 0.059, 0.006, 0.4]"
742,4,assault,0.481,"[0.481, 0.324, 0.031, 0.164]"
743,4,assault,0.448,"[0.448, 0.359, 0.034, 0.16]"
744,4,assault,0.417,"[0.417, 0.39, 0.039, 0.155]"
745,4,falldown,0.417,"[0.389, 0.417, 0.044, 0.151]"
746,4,assault,0.437,"[0.437, 0.274, 0.026, 0.262]"
747,4,assault,0.386,"[0.386, 0.275, 0.025, 0.313]"
748,4,normal,0.36,"[0.354, 0.261, 0.025, 0.36]"
749,4,normal,0.399,"[0.339, 0.238, 0.025, 0.399]"
750,4,normal,0.432,"[0.334, 0.211, 0.023, 0.432]"
751,4,normal,0.458,"[0.337, 0.183, 0.021, 0.458]"
752,4,normal,0.477,"[0.346, 0.157, 0.019, 0.477]"
753,4,normal,0.49,"[0.36, 0.133, 0.016, 0.49]"
754,4,normal,0.499,"[0.379, 0.108, 0.014, 0.499]"
755,4,normal,0.505,"[0.404, 0.08, 0.011, 0.505]"
756,4,normal,0.491,"[0.449, 0.052, 0.008, 0.491]"
757,4,normal,0.405,"[0.35, 0.223, 0.021, 0.405]"
758,4,falldown,0.465,"[0.344, 0.465, 0.052, 0.139]"
759,4,falldown,0.488,"[0.329, 0.488, 0.055, 0.128]"
760,4,falldown,0.515,"[0.309, 0.515, 0.06, 0.116]"
761,4,falldown,0.553,"[0.277, 0.553, 0.07, 0.1]"
762,4,falldown,0.558,"[0.272, 0.558, 0.07, 0.099]"
763,4,falldown,0.563,"[0.267, 0.563, 0.071, 0.099]"
764,4,falldown,0.568,"[0.262, 0.568, 0.073, 0.098]"
765,4,assault,0.392,"[0.392, 0.376, 0.033, 0.198]"
766,4,falldown,0.401,"[0.374, 0.401, 0.037, 0.189]"
767,4,falldown,0.424,"[0.356, 0.424, 0.041, 0.179]"
768,4,falldown,0.447,"[0.339, 0.447, 0.045, 0.168]"
769,4,falldown,0.469,"[0.323, 0.469, 0.05, 0.157]"
770,4,falldown,0.489,"[0.308, 0.489, 0.056, 0.147]"
771,4,falldown,0.508,"[0.295, 0.508, 0.061, 0.136]"
772,4,falldown,0.524,"[0.283, 0.524, 0.066, 0.126]"
773,4,falldown,0.539,"[0.273, 0.539, 0.071, 0.117]"
774,4,falldown,0.553,"[0.263, 0.553, 0.076, 0.108]"
775,4,falldown,0.567,"[0.253, 0.567, 0.08, 0.1]"
776,4,falldown,0.584,"[0.242, 0.584, 0.084, 0.091]"
777,4,falldown,0.608,"[0.22, 0.608, 0.092, 0.08]"
778,4,falldown,0.608,"[0.22, 0.608, 0.092, 0.08]"
779,4,falldown,0.608,"[0.22, 0.608, 0.093, 0.08]"
780,4,falldown,0.608,"[0.22, 0.608, 0.093, 0.08]"
781,4,falldown,0.608,"[0.219, 0.608, 0.093, 0.079]"
782,4,falldown,0.608,"[0.219, 0.608, 0.093, 0.079]"
783,4,falldown,0.608,"[0.219, 0.608, 0.093, 0.079]"
784,4,falldown,0.608,"[0.219, 0.608, 0.093, 0.079]"
785,4,falldown,0.608,"[0.219, 0.608, 0.093, 0.079]"
786,4,falldown,0.608,"[0.219, 0.608, 0.093, 0.079]"
787,4,falldown,0.608,"[0.219, 0.608, 0.093, 0.079]"
788,4,falldown,0.609,"[0.219, 0.609, 0.093, 0.079]"
789,4,falldown,0.609,"[0.219, 0.609, 0.093, 0.079]"
790,4,falldown,0.609,"[0.219, 0.609, 0.093, 0.079]"
791,4,falldown,0.609,"[0.219, 0.609, 0.093, 0.079]"
792,4,falldown,0.609,"[0.219, 0.609, 0.093, 0.079]"
793,4,falldown,0.609,"[0.219, 0.609, 0.093, 0.079]"
794,4,falldown,0.609,"[0.219, 0.609, 0.093, 0.079]"
795,4,falldown,0.609,"[0.219, 0.609, 0.093, 0.079]"
796,4,falldown,0.609,"[0.219, 0.609, 0.093, 0.079]"
797,4,falldown,0.609,"[0.219, 0.609, 0.093, 0.079]"
798,4,falldown,0.609,"[0.219, 0.609, 0.093, 0.079]"
799,4,falldown,0.609,"[0.219, 0.609, 0.093, 0.079]"
800,4,falldown,0.609,"[0.219, 0.609, 0.093, 0.079]"
801,4,falldown,0.609,"[0.219, 0.609, 0.093, 0.079]"
802,4,falldown,0.609,"[0.219, 0.609, 0.093, 0.079]"
803,4,falldown,0.609,"[0.219, 0.609, 0.093, 0.079]"
804,4,falldown,0.609,"[0.219, 0.609, 0.093, 0.079]"
805,4,falldown,0.609,"[0.219, 0.609, 0.093, 0.079]"
806,4,falldown,0.61,"[0.219, 0.61, 0.093, 0.079]"
807,4,falldown,0.61,"[0.219, 0.61, 0.093, 0.079]"
808,4,falldown,0.61,"[0.219, 0.61, 0.093, 0.079]"
809,4,falldown,0.61,"[0.218, 0.61, 0.093, 0.079]"
810,4,falldown,0.61,"[0.218, 0.61, 0.093, 0.079]"
811,4,falldown,0.61,"[0.218, 0.61, 0.093, 0.079]"
812,4,falldown,0.61,"[0.218, 0.61, 0.093, 0.079]"
813,4,falldown,0.61,"[0.218, 0.61, 0.093, 0.079]"
814,4,falldown,0.61,"[0.218, 0.61, 0.093, 0.079]"
815,4,falldown,0.61,"[0.218, 0.61, 0.093, 0.079]"
816,4,falldown,0.61,"[0.218, 0.61, 0.093, 0.079]"
817,4,falldown,0.61,"[0.218, 0.61, 0.093, 0.079]"
818,4,falldown,0.61,"[0.218, 0.61, 0.093, 0.079]"
819,4,falldown,0.61,"[0.218, 0.61, 0.093, 0.079]"
820,4,falldown,0.61,"[0.218, 0.61, 0.093, 0.079]"
821,4,falldown,0.61,"[0.218, 0.61, 0.093, 0.079]"
822,4,falldown,0.61,"[0.218, 0.61, 0.093, 0.079]"
823,4,falldown,0.61,"[0.218, 0.61, 0.093, 0.079]"
824,4,falldown,0.61,"[0.218, 0.61, 0.093, 0.079]"
825,4,falldown,0.61,"[0.218, 0.61, 0.093, 0.079]"
826,4,falldown,0.61,"[0.218, 0.61, 0.093, 0.079]"
827,4,falldown,0.61,"[0.218, 0.61, 0.093, 0.079]"
828,4,falldown,0.61,"[0.218, 0.61, 0.093, 0.079]"
829,4,falldown,0.61,"[0.218, 0.61, 0.093, 0.079]"
830,4,falldown,0.61,"[0.219, 0.61, 0.093, 0.079]"
831,4,falldown,0.61,"[0.219, 0.61, 0.093, 0.079]"
832,4,falldown,0.609,"[0.219, 0.609, 0.093, 0.079]"
833,4,falldown,0.609,"[0.219, 0.609, 0.093, 0.079]"
834,4,falldown,0.609,"[0.219, 0.609, 0.093, 0.079]"
835,4,falldown,0.609,"[0.219, 0.609, 0.093, 0.079]"
836,4,falldown,0.609,"[0.219, 0.609, 0.093, 0.079]"
837,4,falldown,0.609,"[0.219, 0.609, 0.093, 0.079]"
838,4,falldown,0.609,"[0.219, 0.609, 0.093, 0.079]"
839,4,falldown,0.609,"[0.219, 0.609, 0.093, 0.079]"
840,4,falldown,0.608,"[0.22, 0.608, 0.093, 0.079]"
841,4,falldown,0.608,"[0.22, 0.608, 0.093, 0.079]"
842,4,falldown,0.608,"[0.22, 0.608, 0.093, 0.079]"
843,4,falldown,0.608,"[0.22, 0.608, 0.092, 0.079]"
844,4,falldown,0.608,"[0.22, 0.608, 0.092, 0.079]"
845,4,falldown,0.608,"[0.22, 0.608, 0.092, 0.079]"
846,4,falldown,0.608,"[0.22, 0.608, 0.092, 0.08]"
847,4,falldown,0.608,"[0.22, 0.608, 0.092, 0.08]"
848,4,falldown,0.608,"[0.22, 0.608, 0.092, 0.08]"
849,4,falldown,0.608,"[0.22, 0.608, 0.092, 0.08]"
850,4,falldown,0.608,"[0.22, 0.608, 0.092, 0.08]"
851,4,falldown,0.608,"[0.22, 0.608, 0.092, 0.08]"
852,4,falldown,0.608,"[0.22, 0.608, 0.092, 0.08]"
853,4,falldown,0.608,"[0.22, 0.608, 0.092, 0.08]"
854,4,falldown,0.608,"[0.22, 0.608, 0.092, 0.08]"
855,4,falldown,0.608,"[0.22, 0.608, 0.092, 0.08]"
856,4,falldown,0.608,"[0.22, 0.608, 0.092, 0.08]"
857,4,falldown,0.608,"[0.22, 0.608, 0.092, 0.08]"
858,4,falldown,0.608,"[0.22, 0.608, 0.093, 0.08]"
859,4,falldown,0.608,"[0.22, 0.608, 0.093, 0.08]"
860,4,falldown,0.608,"[0.219, 0.608, 0.093, 0.08]"
861,4,falldown,0.608,"[0.219, 0.608, 0.093, 0.08]"
862,4,falldown,0.608,"[0.219, 0.608, 0.093, 0.08]"
863,4,falldown,0.608,"[0.219, 0.608, 0.093, 0.08]"
864,4,falldown,0.608,"[0.219, 0.608, 0.093, 0.08]"
865,4,falldown,0.608,"[0.219, 0.608, 0.093, 0.08]"
866,4,falldown,0.608,"[0.219, 0.608, 0.093, 0.08]"
867,4,falldown,0.608,"[0.22, 0.608, 0.093, 0.08]"
868,4,falldown,0.608,"[0.22, 0.608, 0.093, 0.08]"
869,4,falldown,0.608,"[0.22, 0.608, 0.093, 0.08]"
870,4,falldown,0.608,"[0.22, 0.608, 0.093, 0.08]"
871,4,falldown,0.608,"[0.22, 0.608, 0.093, 0.08]"
872,4,falldown,0.608,"[0.22, 0.608, 0.093, 0.08]"
873,4,falldown,0.608,"[0.22, 0.608, 0.093, 0.08]"
874,4,falldown,0.608,"[0.22, 0.608, 0.093, 0.08]"
875,4,falldown,0.608,"[0.22, 0.608, 0.093, 0.08]"
876,4,falldown,0.608,"[0.22, 0.608, 0.093, 0.08]"
877,4,falldown,0.608,"[0.22, 0.608, 0.093, 0.08]"
878,4,falldown,0.608,"[0.22, 0.608, 0.093, 0.08]"
879,4,falldown,0.608,"[0.22, 0.608, 0.093, 0.08]"
880,4,falldown,0.608,"[0.22, 0.608, 0.093, 0.08]"
881,4,falldown,0.608,"[0.22, 0.608, 0.093, 0.08]"
882,4,falldown,0.608,"[0.22, 0.608, 0.093, 0.08]"
883,4,falldown,0.608,"[0.22, 0.608, 0.093, 0.08]"
884,4,falldown,0.608,"[0.22, 0.608, 0.093, 0.08]"
885,4,falldown,0.608,"[0.22, 0.608, 0.093, 0.08]"
886,4,falldown,0.608,"[0.22, 0.608, 0.093, 0.08]"
887,4,falldown,0.608,"[0.22, 0.608, 0.093, 0.08]"
888,4,falldown,0.608,"[0.22, 0.608, 0.093, 0.08]"
889,4,falldown,0.608,"[0.22, 0.608, 0.093, 0.08]"
890,4,falldown,0.608,"[0.22, 0.608, 0.093, 0.08]"
891,4,falldown,0.608,"[0.22, 0.608, 0.093, 0.08]"
892,4,falldown,0.608,"[0.22, 0.608, 0.093, 0.08]"
893,4,falldown,0.608,"[0.22, 0.608, 0.093, 0.08]"
894,4,falldown,0.608,"[0.22, 0.608, 0.093, 0.08]"
895,4,falldown,0.608,"[0.22, 0.608, 0.093, 0.08]"
896,4,falldown,0.608,"[0.22, 0.608, 0.093, 0.08]"
897,4,falldown,0.608,"[0.22, 0.608, 0.093, 0.08]"
898,4,falldown,0.608,"[0.22, 0.608, 0.093, 0.08]"
899,4,falldown,0.608,"[0.22, 0.608, 0.093, 0.08]"
900,4,falldown,0.608,"[0.22, 0.608, 0.093, 0.08]"
901,4,falldown,0.608,"[0.22, 0.608, 0.093, 0.08]"
902,4,falldown,0.608,"[0.22, 0.608, 0.093, 0.08]"
903,4,falldown,0.608,"[0.22, 0.608, 0.093, 0.08]"
904,4,falldown,0.608,"[0.22, 0.608, 0.093, 0.08]"
905,4,falldown,0.608,"[0.22, 0.608, 0.093, 0.08]"
906,4,falldown,0.608,"[0.22, 0.608, 0.093, 0.08]"
907,4,falldown,0.608,"[0.22, 0.608, 0.093, 0.08]"
908,4,falldown,0.608,"[0.22, 0.608, 0.093, 0.08]"
909,4,falldown,0.608,"[0.22, 0.608, 0.093, 0.08]"
910,4,falldown,0.608,"[0.22, 0.608, 0.093, 0.08]"
911,4,falldown,0.608,"[0.22, 0.608, 0.093, 0.08]"
912,4,falldown,0.608,"[0.22, 0.608, 0.093, 0.08]"
913,4,falldown,0.608,"[0.219, 0.608, 0.093, 0.08]"
914,4,falldown,0.608,"[0.219, 0.608, 0.093, 0.08]"
915,4,falldown,0.608,"[0.219, 0.608, 0.093, 0.079]"
916,4,falldown,0.608,"[0.219, 0.608, 0.093, 0.079]"
917,4,falldown,0.608,"[0.219, 0.608, 0.093, 0.079]"
918,4,falldown,0.608,"[0.219, 0.608, 0.093, 0.079]"
919,4,falldown,0.608,"[0.219, 0.608, 0.093, 0.079]"
920,4,falldown,0.608,"[0.219, 0.608, 0.093, 0.079]"
921,4,falldown,0.608,"[0.219, 0.608, 0.093, 0.079]"
922,4,falldown,0.608,"[0.219, 0.608, 0.093, 0.079]"
923,4,falldown,0.609,"[0.219, 0.609, 0.093, 0.079]"
924,4,falldown,0.609,"[0.219, 0.609, 0.093, 0.079]"
925,4,falldown,0.609,"[0.219, 0.609, 0.093, 0.079]"
926,4,falldown,0.609,"[0.219, 0.609, 0.093, 0.079]"
927,4,falldown,0.609,"[0.219, 0.609, 0.093, 0.079]"
928,4,falldown,0.609,"[0.219, 0.609, 0.093, 0.079]"
929,4,falldown,0.609,"[0.219, 0.609, 0.093, 0.079]"
930,4,falldown,0.609,"[0.219, 0.609, 0.093, 0.079]"
931,4,falldown,0.609,"[0.219, 0.609, 0.093, 0.079]"
932,4,falldown,0.609,"[0.219, 0.609, 0.093, 0.079]"
933,4,falldown,0.609,"[0.219, 0.609, 0.093, 0.079]"
934,4,falldown,0.609,"[0.219, 0.609, 0.093, 0.079]"
935,4,falldown,0.609,"[0.219, 0.609, 0.093, 0.079]"
936,4,falldown,0.609,"[0.219, 0.609, 0.093, 0.079]"
937,4,falldown,0.609,"[0.219, 0.609, 0.093, 0.079]"
938,4,falldown,0.609,"[0.219, 0.609, 0.093, 0.079]"
939,4,falldown,0.609,"[0.219, 0.609, 0.093, 0.079]"
940,4,falldown,0.609,"[0.219, 0.609, 0.093, 0.079]"
941,4,falldown,0.609,"[0.219, 0.609, 0.093, 0.079]"
942,4,falldown,0.609,"[0.219, 0.609, 0.093, 0.079]"
943,4,falldown,0.609,"[0.219, 0.609, 0.093, 0.079]"
944,4,falldown,0.609,"[0.219, 0.609, 0.093, 0.079]"
945,4,falldown,0.609,"[0.219, 0.609, 0.093, 0.079]"
946,4,falldown,0.609,"[0.219, 0.609, 0.093, 0.079]"
947,4,falldown,0.609,"[0.219, 0.609, 0.093, 0.079]"
948,4,falldown,0.609,"[0.219, 0.609, 0.093, 0.079]"
949,4,falldown,0.609,"[0.219, 0.609, 0.093, 0.079]"
950,4,falldown,0.609,"[0.219, 0.609, 0.093, 0.079]"
951,4,falldown,0.609,"[0.219, 0.609, 0.093, 0.079]"
952,4,falldown,0.609,"[0.219, 0.609, 0.093, 0.079]"
953,4,falldown,0.609,"[0.219, 0.609, 0.093, 0.079]"
954,4,falldown,0.609,"[0.219, 0.609, 0.093, 0.079]"
955,4,falldown,0.609,"[0.219, 0.609, 0.093, 0.079]"
956,4,falldown,0.609,"[0.219, 0.609, 0.093, 0.079]"
957,4,falldown,0.609,"[0.219, 0.609, 0.093, 0.079]"
958,4,falldown,0.609,"[0.219, 0.609, 0.093, 0.079]"
959,4,falldown,0.609,"[0.219, 0.609, 0.093, 0.079]"
960,4,falldown,0.609,"[0.219, 0.609, 0.093, 0.079]"
961,4,falldown,0.609,"[0.219, 0.609, 0.093, 0.079]"
962,4,falldown,0.609,"[0.219, 0.609, 0.093, 0.079]"
963,4,falldown,0.609,"[0.219, 0.609, 0.093, 0.079]"
964,4,falldown,0.609,"[0.219, 0.609, 0.093, 0.079]"
965,4,falldown,0.609,"[0.219, 0.609, 0.093, 0.079]"
966,4,falldown,0.609,"[0.219, 0.609, 0.093, 0.079]"
967,4,falldown,0.609,"[0.219, 0.609, 0.093, 0.079]"
968,4,falldown,0.609,"[0.219, 0.609, 0.093, 0.079]"
969,4,falldown,0.609,"[0.219, 0.609, 0.093, 0.079]"
970,4,falldown,0.609,"[0.219, 0.609, 0.093, 0.079]"
971,4,falldown,0.609,"[0.219, 0.609, 0.093, 0.079]"
972,4,falldown,0.609,"[0.219, 0.609, 0.093, 0.079]"
973,4,falldown,0.609,"[0.219, 0.609, 0.093, 0.079]"
974,4,falldown,0.609,"[0.219, 0.609, 0.093, 0.079]"
975,4,falldown,0.609,"[0.219, 0.609, 0.093, 0.079]"
976,4,falldown,0.609,"[0.219, 0.609, 0.093, 0.079]"
977,4,falldown,0.609,"[0.219, 0.609, 0.093, 0.079]"
978,4,falldown,0.609,"[0.219, 0.609, 0.093, 0.079]"
979,4,falldown,0.609,"[0.219, 0.609, 0.093, 0.079]"
980,4,falldown,0.609,"[0.219, 0.609, 0.093, 0.079]"
981,4,falldown,0.609,"[0.219, 0.609, 0.093, 0.079]"
982,4,falldown,0.609,"[0.219, 0.609, 0.093, 0.079]"
983,4,falldown,0.609,"[0.219, 0.609, 0.093, 0.079]"
984,4,falldown,0.609,"[0.219, 0.609, 0.093, 0.079]"
985,4,falldown,0.609,"[0.219, 0.609, 0.093, 0.079]"
986,4,falldown,0.609,"[0.219, 0.609, 0.093, 0.079]"
987,4,falldown,0.609,"[0.219, 0.609, 0.093, 0.079]"
988,4,falldown,0.609,"[0.219, 0.609, 0.093, 0.079]"
989,4,falldown,0.609,"[0.219, 0.609, 0.093, 0.079]"
990,4,falldown,0.608,"[0.219, 0.608, 0.093, 0.079]"
991,4,falldown,0.608,"[0.219, 0.608, 0.093, 0.079]"
992,4,falldown,0.608,"[0.22, 0.608, 0.093, 0.079]"
993,4,falldown,0.608,"[0.22, 0.608, 0.093, 0.079]"
994,4,falldown,0.608,"[0.22, 0.608, 0.093, 0.079]"
995,4,falldown,0.608,"[0.22, 0.608, 0.093, 0.079]"
996,4,falldown,0.608,"[0.22, 0.608, 0.093, 0.079]"
997,4,falldown,0.608,"[0.22, 0.608, 0.093, 0.079]"
998,4,falldown,0.608,"[0.22, 0.608, 0.093, 0.079]"
999,4,falldown,0.608,"[0.219, 0.608, 0.093, 0.079]"
1000,4,falldown,0.608,"[0.22, 0.608, 0.093, 0.079]"
1001,4,falldown,0.608,"[0.22, 0.608, 0.093, 0.08]"
1002,4,falldown,0.607,"[0.22, 0.607, 0.093, 0.08]"
1003,4,falldown,0.607,"[0.221, 0.607, 0.093, 0.08]"
1004,4,falldown,0.607,"[0.221, 0.607, 0.093, 0.08]"
1005,4,falldown,0.606,"[0.221, 0.606, 0.092, 0.08]"
1006,4,falldown,0.606,"[0.222, 0.606, 0.092, 0.08]"
1007,4,falldown,0.606,"[0.222, 0.606, 0.092, 0.08]"
1008,4,falldown,0.606,"[0.222, 0.606, 0.092, 0.08]"
1009,4,falldown,0.605,"[0.222, 0.605, 0.092, 0.08]"
1010,4,falldown,0.605,"[0.222, 0.605, 0.092, 0.08]"
1011,4,falldown,0.605,"[0.222, 0.605, 0.092, 0.081]"
1012,4,falldown,0.605,"[0.223, 0.605, 0.092, 0.081]"
1013,4,falldown,0.605,"[0.223, 0.605, 0.092, 0.081]"
1014,4,falldown,0.605,"[0.223, 0.605, 0.092, 0.081]"
1015,4,falldown,0.605,"[0.223, 0.605, 0.092, 0.081]"
1016,4,falldown,0.605,"[0.223, 0.605, 0.091, 0.081]"
1017,4,falldown,0.605,"[0.223, 0.605, 0.091, 0.081]"
1018,4,falldown,0.605,"[0.223, 0.605, 0.091, 0.081]"
1019,4,falldown,0.605,"[0.223, 0.605, 0.091, 0.081]"
1020,4,falldown,0.605,"[0.223, 0.605, 0.092, 0.081]"
1021,4,falldown,0.605,"[0.222, 0.605, 0.092, 0.081]"
1022,4,falldown,0.605,"[0.222, 0.605, 0.092, 0.081]"
1023,4,falldown,0.605,"[0.222, 0.605, 0.092, 0.081]"
1024,4,falldown,0.605,"[0.222, 0.605, 0.092, 0.081]"
1025,4,falldown,0.605,"[0.222, 0.605, 0.092, 0.081]"
1026,4,falldown,0.605,"[0.222, 0.605, 0.092, 0.081]"
1027,4,falldown,0.605,"[0.222, 0.605, 0.092, 0.081]"
1028,4,falldown,0.605,"[0.222, 0.605, 0.092, 0.081]"
1029,4,falldown,0.605,"[0.222, 0.605, 0.092, 0.081]"
1030,4,falldown,0.605,"[0.222, 0.605, 0.092, 0.081]"
1031,4,falldown,0.605,"[0.222, 0.605, 0.092, 0.081]"
1032,4,falldown,0.605,"[0.222, 0.605, 0.092, 0.081]"
1033,4,falldown,0.605,"[0.222, 0.605, 0.092, 0.081]"
1034,4,falldown,0.605,"[0.222, 0.605, 0.092, 0.081]"
1035,4,falldown,0.605,"[0.222, 0.605, 0.092, 0.081]"
1036,4,falldown,0.605,"[0.222, 0.605, 0.092, 0.081]"
1037,4,falldown,0.605,"[0.222, 0.605, 0.092, 0.081]"
1038,4,falldown,0.605,"[0.222, 0.605, 0.092, 0.081]"
1039,4,falldown,0.606,"[0.222, 0.606, 0.092, 0.081]"
1040,4,falldown,0.606,"[0.222, 0.606, 0.092, 0.081]"
1041,4,falldown,0.606,"[0.221, 0.606, 0.092, 0.081]"
1042,4,falldown,0.606,"[0.221, 0.606, 0.092, 0.081]"
1043,4,falldown,0.606,"[0.221, 0.606, 0.092, 0.081]"
1044,4,falldown,0.606,"[0.221, 0.606, 0.092, 0.081]"
1045,4,falldown,0.606,"[0.221, 0.606, 0.092, 0.081]"
1046,4,falldown,0.606,"[0.221, 0.606, 0.092, 0.081]"
1047,4,falldown,0.606,"[0.221, 0.606, 0.092, 0.081]"
1048,4,falldown,0.606,"[0.221, 0.606, 0.092, 0.081]"
1049,4,falldown,0.606,"[0.221, 0.606, 0.092, 0.081]"
1050,4,falldown,0.606,"[0.221, 0.606, 0.092, 0.081]"
1051,4,falldown,0.606,"[0.221, 0.606, 0.092, 0.081]"
1052,4,falldown,0.606,"[0.221, 0.606, 0.092, 0.081]"
1053,4,falldown,0.606,"[0.221, 0.606, 0.092, 0.081]"
1054,4,falldown,0.606,"[0.221, 0.606, 0.092, 0.081]"
1055,4,falldown,0.606,"[0.221, 0.606, 0.092, 0.081]"
1056,4,falldown,0.606,"[0.221, 0.606, 0.092, 0.081]"
1057,4,falldown,0.606,"[0.221, 0.606, 0.092, 0.081]"
1058,4,falldown,0.606,"[0.222, 0.606, 0.092, 0.081]"
1059,4,falldown,0.606,"[0.222, 0.606, 0.092, 0.081]"
1060,4,falldown,0.606,"[0.222, 0.606, 0.092, 0.081]"
1061,4,falldown,0.605,"[0.222, 0.605, 0.092, 0.081]"
1062,4,falldown,0.605,"[0.222, 0.605, 0.092, 0.081]"
1063,4,falldown,0.605,"[0.222, 0.605, 0.092, 0.081]"
1064,4,falldown,0.605,"[0.222, 0.605, 0.092, 0.081]"
1065,4,falldown,0.605,"[0.222, 0.605, 0.092, 0.081]"
1066,4,falldown,0.605,"[0.222, 0.605, 0.092, 0.081]"
1067,4,falldown,0.605,"[0.223, 0.605, 0.092, 0.081]"
1068,4,falldown,0.605,"[0.223, 0.605, 0.092, 0.081]"
1069,4,falldown,0.604,"[0.223, 0.604, 0.091, 0.081]"
1070,4,falldown,0.604,"[0.223, 0.604, 0.091, 0.081]"
1071,4,falldown,0.604,"[0.223, 0.604, 0.091, 0.081]"
1072,4,falldown,0.604,"[0.223, 0.604, 0.091, 0.082]"
1073,4,falldown,0.604,"[0.224, 0.604, 0.091, 0.082]"
1073,5,normal,0.72,"[0.259, 0.006, 0.015, 0.72]"
1074,4,falldown,0.604,"[0.224, 0.604, 0.091, 0.082]"
1074,5,normal,0.655,"[0.315, 0.007, 0.022, 0.655]"
1075,4,falldown,0.604,"[0.224, 0.604, 0.091, 0.082]"
1075,5,normal,0.66,"[0.305, 0.007, 0.027, 0.66]"
1076,4,falldown,0.603,"[0.224, 0.603, 0.091, 0.082]"
1076,5,normal,0.686,"[0.273, 0.007, 0.034, 0.686]"
1077,4,falldown,0.603,"[0.224, 0.603, 0.091, 0.082]"
1077,5,normal,0.737,"[0.215, 0.007, 0.041, 0.737]"
1078,4,falldown,0.603,"[0.224, 0.603, 0.091, 0.082]"
1078,5,normal,0.671,"[0.249, 0.007, 0.073, 0.671]"
1079,4,falldown,0.603,"[0.224, 0.603, 0.091, 0.082]"
1079,5,normal,0.669,"[0.25, 0.007, 0.073, 0.669]"
1080,4,falldown,0.604,"[0.224, 0.604, 0.091, 0.082]"
1080,5,normal,0.672,"[0.248, 0.007, 0.073, 0.672]"
1081,4,falldown,0.604,"[0.224, 0.604, 0.091, 0.082]"
1081,5,normal,0.669,"[0.249, 0.007, 0.074, 0.669]"
1082,4,falldown,0.604,"[0.224, 0.604, 0.091, 0.082]"
1082,5,normal,0.668,"[0.251, 0.007, 0.075, 0.668]"
1083,4,falldown,0.604,"[0.223, 0.604, 0.091, 0.082]"
1083,5,normal,0.546,"[0.366, 0.008, 0.08, 0.546]"
1084,4,falldown,0.604,"[0.223, 0.604, 0.091, 0.082]"
1084,5,assault,0.477,"[0.477, 0.009, 0.079, 0.435]"
1085,4,falldown,0.604,"[0.223, 0.604, 0.091, 0.082]"
1085,5,assault,0.549,"[0.549, 0.008, 0.071, 0.372]"
1086,4,falldown,0.604,"[0.223, 0.604, 0.091, 0.082]"
1086,5,assault,0.489,"[0.489, 0.019, 0.22, 0.272]"
1087,4,falldown,0.604,"[0.223, 0.604, 0.091, 0.082]"
1087,5,assault,0.479,"[0.479, 0.02, 0.225, 0.277]"
1088,4,falldown,0.604,"[0.223, 0.604, 0.091, 0.082]"
1088,5,assault,0.466,"[0.466, 0.02, 0.229, 0.285]"
1089,4,falldown,0.604,"[0.223, 0.604, 0.091, 0.082]"
1089,5,assault,0.49,"[0.49, 0.022, 0.18, 0.308]"
1090,4,falldown,0.604,"[0.223, 0.604, 0.091, 0.082]"
1090,5,assault,0.537,"[0.537, 0.02, 0.138, 0.305]"
1091,4,falldown,0.604,"[0.223, 0.604, 0.091, 0.082]"
1091,5,assault,0.573,"[0.573, 0.017, 0.109, 0.301]"
1092,4,falldown,0.605,"[0.222, 0.605, 0.091, 0.082]"
1092,5,assault,0.607,"[0.607, 0.014, 0.084, 0.295]"
1093,4,falldown,0.605,"[0.222, 0.605, 0.091, 0.082]"
1093,5,assault,0.643,"[0.643, 0.01, 0.062, 0.284]"
1094,4,falldown,0.605,"[0.222, 0.605, 0.092, 0.082]"
1094,5,normal,0.666,"[0.268, 0.01, 0.056, 0.666]"
1095,4,falldown,0.605,"[0.222, 0.605, 0.092, 0.082]"
1095,5,normal,0.688,"[0.256, 0.008, 0.048, 0.688]"
1096,4,falldown,0.605,"[0.222, 0.605, 0.092, 0.082]"
1096,5,normal,0.704,"[0.247, 0.007, 0.041, 0.704]"
1097,4,falldown,0.605,"[0.222, 0.605, 0.092, 0.082]"
1097,5,normal,0.716,"[0.239, 0.007, 0.037, 0.716]"
1098,4,falldown,0.605,"[0.222, 0.605, 0.092, 0.082]"
1098,5,normal,0.725,"[0.234, 0.007, 0.035, 0.725]"
1099,4,falldown,0.604,"[0.222, 0.604, 0.092, 0.082]"
1099,5,normal,0.731,"[0.23, 0.007, 0.032, 0.731]"
1100,4,falldown,0.604,"[0.222, 0.604, 0.092, 0.082]"
1100,5,normal,0.735,"[0.23, 0.006, 0.029, 0.735]"
1101,4,falldown,0.604,"[0.223, 0.604, 0.092, 0.082]"
1101,5,normal,0.727,"[0.242, 0.006, 0.024, 0.727]"
1102,4,falldown,0.604,"[0.223, 0.604, 0.092, 0.081]"
1102,5,assault,0.635,"[0.635, 0.006, 0.007, 0.353]"
1103,4,falldown,0.604,"[0.223, 0.604, 0.092, 0.081]"
1103,5,assault,0.708,"[0.708, 0.005, 0.005, 0.282]"
1104,4,falldown,0.604,"[0.223, 0.604, 0.091, 0.082]"
1104,5,assault,0.748,"[0.748, 0.004, 0.005, 0.243]"
1105,4,falldown,0.604,"[0.223, 0.604, 0.091, 0.081]"
1105,5,assault,0.771,"[0.771, 0.004, 0.004, 0.22]"
1106,4,falldown,0.604,"[0.223, 0.604, 0.091, 0.081]"
1106,5,assault,0.767,"[0.767, 0.004, 0.005, 0.223]"
1107,4,falldown,0.604,"[0.223, 0.604, 0.091, 0.081]"
1107,5,assault,0.762,"[0.762, 0.004, 0.006, 0.228]"
1108,4,falldown,0.604,"[0.223, 0.604, 0.091, 0.081]"
1108,5,assault,0.711,"[0.711, 0.006, 0.019, 0.265]"
1109,4,falldown,0.604,"[0.223, 0.604, 0.091, 0.082]"
1109,5,assault,0.669,"[0.669, 0.007, 0.026, 0.298]"
1110,4,falldown,0.604,"[0.223, 0.604, 0.091, 0.082]"
1110,5,assault,0.591,"[0.591, 0.008, 0.042, 0.358]"
1111,4,falldown,0.604,"[0.223, 0.604, 0.091, 0.082]"
1111,5,assault,0.468,"[0.468, 0.009, 0.07, 0.453]"
1112,4,falldown,0.604,"[0.223, 0.604, 0.091, 0.082]"
1112,5,assault,0.453,"[0.453, 0.009, 0.09, 0.447]"
1113,4,falldown,0.604,"[0.223, 0.604, 0.091, 0.081]"
1113,5,assault,0.483,"[0.483, 0.009, 0.09, 0.419]"
1114,4,falldown,0.605,"[0.223, 0.605, 0.091, 0.081]"
1114,5,assault,0.56,"[0.56, 0.008, 0.075, 0.357]"
1115,4,falldown,0.605,"[0.222, 0.605, 0.091, 0.081]"
1115,5,assault,0.603,"[0.603, 0.007, 0.06, 0.329]"
1116,4,falldown,0.605,"[0.222, 0.605, 0.091, 0.081]"
1116,5,assault,0.639,"[0.639, 0.006, 0.047, 0.309]"
1117,4,falldown,0.605,"[0.222, 0.605, 0.091, 0.081]"
1117,5,assault,0.668,"[0.668, 0.005, 0.036, 0.29]"
1118,4,falldown,0.605,"[0.222, 0.605, 0.092, 0.081]"
1118,5,assault,0.693,"[0.693, 0.005, 0.029, 0.274]"
1119,4,falldown,0.605,"[0.222, 0.605, 0.091, 0.081]"
1119,5,assault,0.715,"[0.715, 0.004, 0.023, 0.257]"
1120,4,falldown,0.605,"[0.223, 0.605, 0.092, 0.081]"
1120,5,assault,0.736,"[0.736, 0.004, 0.019, 0.241]"
1121,4,falldown,0.604,"[0.223, 0.604, 0.091, 0.081]"
1121,5,assault,0.751,"[0.751, 0.004, 0.017, 0.228]"
1122,4,falldown,0.604,"[0.223, 0.604, 0.091, 0.081]"
1122,5,assault,0.437,"[0.437, 0.018, 0.216, 0.329]"
1123,4,falldown,0.604,"[0.223, 0.604, 0.091, 0.081]"
1123,5,assault,0.421,"[0.421, 0.018, 0.222, 0.339]"
1124,4,falldown,0.604,"[0.223, 0.604, 0.091, 0.081]"
1124,5,assault,0.407,"[0.407, 0.018, 0.225, 0.35]"
1125,4,falldown,0.604,"[0.223, 0.604, 0.091, 0.081]"
1125,5,assault,0.395,"[0.395, 0.018, 0.226, 0.36]"
1126,4,falldown,0.604,"[0.223, 0.604, 0.091, 0.081]"
1126,5,normal,0.423,"[0.371, 0.019, 0.187, 0.423]"
1127,4,falldown,0.604,"[0.223, 0.604, 0.091, 0.081]"
1127,5,normal,0.452,"[0.358, 0.02, 0.17, 0.452]"
1128,4,falldown,0.604,"[0.223, 0.604, 0.091, 0.081]"
1128,5,normal,0.471,"[0.35, 0.021, 0.159, 0.471]"
1129,4,falldown,0.604,"[0.223, 0.604, 0.091, 0.081]"
1129,5,normal,0.482,"[0.348, 0.023, 0.147, 0.482]"
1130,4,falldown,0.604,"[0.223, 0.604, 0.091, 0.081]"
1130,5,normal,0.492,"[0.348, 0.025, 0.136, 0.492]"
1131,4,falldown,0.604,"[0.223, 0.604, 0.091, 0.081]"
1131,5,normal,0.448,"[0.4, 0.05, 0.102, 0.448]"
1132,4,falldown,0.604,"[0.223, 0.604, 0.091, 0.081]"
1132,5,normal,0.445,"[0.393, 0.027, 0.135, 0.445]"
1133,4,falldown,0.604,"[0.223, 0.604, 0.091, 0.081]"
1133,5,normal,0.45,"[0.405, 0.014, 0.13, 0.45]"
1134,4,falldown,0.604,"[0.223, 0.604, 0.091, 0.081]"
1134,5,normal,0.455,"[0.418, 0.009, 0.118, 0.455]"
1135,4,falldown,0.604,"[0.223, 0.604, 0.091, 0.081]"
1135,5,normal,0.465,"[0.415, 0.007, 0.112, 0.465]"
1136,4,falldown,0.604,"[0.223, 0.604, 0.091, 0.081]"
1136,5,normal,0.47,"[0.41, 0.006, 0.115, 0.47]"
1137,4,falldown,0.604,"[0.223, 0.604, 0.091, 0.081]"
1137,5,normal,0.471,"[0.41, 0.006, 0.113, 0.471]"
1138,4,falldown,0.604,"[0.223, 0.604, 0.091, 0.081]"
1138,5,normal,0.456,"[0.443, 0.007, 0.094, 0.456]"
1139,4,falldown,0.604,"[0.223, 0.604, 0.091, 0.081]"
1139,5,assault,0.472,"[0.472, 0.008, 0.074, 0.446]"
1140,4,falldown,0.604,"[0.223, 0.604, 0.091, 0.081]"
1140,5,assault,0.499,"[0.499, 0.008, 0.06, 0.432]"
1141,4,falldown,0.604,"[0.223, 0.604, 0.091, 0.081]"
1141,5,assault,0.534,"[0.534, 0.007, 0.055, 0.404]"
1142,4,falldown,0.604,"[0.223, 0.604, 0.091, 0.081]"
1142,5,assault,0.546,"[0.546, 0.007, 0.043, 0.404]"
1143,4,falldown,0.604,"[0.223, 0.604, 0.091, 0.081]"
1143,5,assault,0.519,"[0.519, 0.009, 0.038, 0.434]"
1144,4,falldown,0.604,"[0.223, 0.604, 0.091, 0.081]"
1144,5,assault,0.548,"[0.548, 0.01, 0.036, 0.406]"
1145,4,falldown,0.604,"[0.223, 0.604, 0.091, 0.081]"
1145,5,normal,0.48,"[0.47, 0.014, 0.036, 0.48]"
1146,4,falldown,0.604,"[0.223, 0.604, 0.091, 0.081]"
1146,5,normal,0.491,"[0.453, 0.015, 0.04, 0.491]"
1147,4,falldown,0.598,"[0.225, 0.598, 0.064, 0.113]"
1147,5,normal,0.5,"[0.44, 0.015, 0.045, 0.5]"
1148,4,falldown,0.591,"[0.212, 0.591, 0.057, 0.14]"
1148,5,normal,0.51,"[0.425, 0.014, 0.05, 0.51]"
1149,4,falldown,0.578,"[0.204, 0.578, 0.054, 0.163]"
1149,5,normal,0.525,"[0.405, 0.017, 0.054, 0.525]"
1150,4,falldown,0.561,"[0.202, 0.561, 0.054, 0.182]"
1150,5,normal,0.539,"[0.273, 0.014, 0.174, 0.539]"
1151,4,falldown,0.54,"[0.205, 0.54, 0.054, 0.2]"
1151,5,normal,0.534,"[0.263, 0.014, 0.19, 0.534]"
1152,4,falldown,0.518,"[0.212, 0.518, 0.053, 0.217]"
1152,5,normal,0.528,"[0.251, 0.014, 0.207, 0.528]"
1153,4,falldown,0.494,"[0.221, 0.494, 0.052, 0.233]"
1153,5,normal,0.517,"[0.237, 0.013, 0.233, 0.517]"
1154,4,falldown,0.47,"[0.232, 0.47, 0.048, 0.25]"
1154,5,normal,0.503,"[0.225, 0.013, 0.259, 0.503]"
1155,4,falldown,0.445,"[0.243, 0.445, 0.046, 0.266]"
1155,5,assault,0.738,"[0.738, 0.006, 0.005, 0.251]"
1156,4,falldown,0.418,"[0.257, 0.418, 0.042, 0.283]"
1156,5,assault,0.745,"[0.745, 0.006, 0.005, 0.244]"
1157,4,falldown,0.391,"[0.271, 0.391, 0.039, 0.299]"
1157,5,assault,0.749,"[0.749, 0.006, 0.005, 0.24]"
1158,4,falldown,0.363,"[0.287, 0.363, 0.035, 0.315]"
1158,5,assault,0.757,"[0.757, 0.006, 0.005, 0.232]"
1159,4,불확실,0.334,"[0.303, 0.334, 0.032, 0.331]"
1159,5,assault,0.763,"[0.763, 0.006, 0.005, 0.226]"
1160,4,불확실,0.347,"[0.32, 0.305, 0.029, 0.347]"
1160,5,assault,0.771,"[0.771, 0.005, 0.005, 0.218]"
1161,4,normal,0.361,"[0.337, 0.276, 0.026, 0.361]"
1161,5,assault,0.775,"[0.775, 0.005, 0.005, 0.215]"
1162,4,normal,0.376,"[0.355, 0.246, 0.023, 0.376]"
1162,5,assault,0.777,"[0.777, 0.005, 0.005, 0.213]"
1163,4,normal,0.388,"[0.374, 0.218, 0.02, 0.388]"
1163,5,assault,0.787,"[0.787, 0.005, 0.009, 0.198]"
1164,4,normal,0.4,"[0.393, 0.19, 0.017, 0.4]"
1164,5,assault,0.792,"[0.792, 0.006, 0.012, 0.19]"
1165,4,assault,0.412,"[0.412, 0.164, 0.015, 0.409]"
1165,5,assault,0.787,"[0.787, 0.007, 0.013, 0.194]"
1166,4,assault,0.494,"[0.494, 0.036, 0.003, 0.467]"
1166,5,assault,0.78,"[0.78, 0.008, 0.015, 0.198]"
1167,4,assault,0.494,"[0.494, 0.036, 0.003, 0.467]"
1167,5,assault,0.763,"[0.763, 0.01, 0.018, 0.21]"
1168,4,assault,0.494,"[0.494, 0.036, 0.003, 0.467]"
1168,5,assault,0.741,"[0.741, 0.012, 0.022, 0.225]"
1169,4,assault,0.495,"[0.495, 0.036, 0.003, 0.466]"
1169,5,assault,0.738,"[0.738, 0.014, 0.028, 0.221]"
1170,4,assault,0.495,"[0.495, 0.036, 0.003, 0.466]"
1170,5,assault,0.761,"[0.761, 0.015, 0.031, 0.194]"
1171,4,assault,0.494,"[0.494, 0.036, 0.003, 0.467]"
1171,5,assault,0.738,"[0.738, 0.017, 0.046, 0.199]"
1172,4,assault,0.494,"[0.494, 0.036, 0.003, 0.467]"
1172,5,assault,0.724,"[0.724, 0.019, 0.068, 0.188]"
1173,4,assault,0.494,"[0.494, 0.036, 0.003, 0.467]"
1173,5,assault,0.69,"[0.69, 0.022, 0.101, 0.186]"
1174,4,assault,0.493,"[0.493, 0.036, 0.003, 0.468]"
1174,5,assault,0.629,"[0.629, 0.023, 0.156, 0.192]"
1175,4,assault,0.493,"[0.493, 0.036, 0.003, 0.468]"
1175,5,assault,0.53,"[0.53, 0.026, 0.257, 0.187]"
1176,4,assault,0.493,"[0.493, 0.036, 0.003, 0.468]"
1176,5,assault,0.861,"[0.861, 0.005, 0.002, 0.132]"
1177,4,assault,0.493,"[0.493, 0.036, 0.003, 0.468]"
1177,5,assault,0.861,"[0.861, 0.005, 0.002, 0.132]"
1178,4,assault,0.493,"[0.493, 0.036, 0.003, 0.468]"
1178,5,assault,0.697,"[0.697, 0.039, 0.02, 0.245]"
1179,4,assault,0.493,"[0.493, 0.036, 0.003, 0.467]"
1179,5,assault,0.685,"[0.685, 0.038, 0.022, 0.255]"
1180,4,assault,0.493,"[0.493, 0.036, 0.003, 0.468]"
1180,5,assault,0.671,"[0.671, 0.037, 0.025, 0.267]"
1181,4,assault,0.493,"[0.493, 0.036, 0.003, 0.468]"
1181,5,assault,0.658,"[0.658, 0.035, 0.028, 0.279]"
1182,4,assault,0.493,"[0.493, 0.036, 0.003, 0.468]"
1182,5,normal,0.409,"[0.357, 0.021, 0.213, 0.409]"
1183,4,assault,0.492,"[0.492, 0.036, 0.003, 0.469]"
1184,4,assault,0.492,"[0.492, 0.036, 0.003, 0.469]"
1184,5,normal,0.412,"[0.354, 0.021, 0.213, 0.412]"
1185,4,assault,0.492,"[0.492, 0.036, 0.003, 0.469]"
1185,5,normal,0.416,"[0.355, 0.021, 0.208, 0.416]"
1186,4,assault,0.492,"[0.492, 0.036, 0.003, 0.469]"
1186,5,normal,0.42,"[0.353, 0.021, 0.205, 0.42]"
1187,4,assault,0.492,"[0.492, 0.036, 0.003, 0.469]"
1187,5,normal,0.426,"[0.352, 0.022, 0.2, 0.426]"
1188,4,assault,0.492,"[0.492, 0.036, 0.003, 0.469]"
1188,5,normal,0.435,"[0.35, 0.022, 0.193, 0.435]"
1189,4,assault,0.492,"[0.492, 0.036, 0.003, 0.469]"
1189,5,normal,0.448,"[0.347, 0.024, 0.181, 0.448]"
1190,4,assault,0.511,"[0.511, 0.211, 0.018, 0.26]"
1190,5,normal,0.463,"[0.333, 0.031, 0.174, 0.463]"
1191,4,assault,0.496,"[0.496, 0.233, 0.019, 0.252]"
1191,5,normal,0.446,"[0.35, 0.024, 0.18, 0.446]"
1192,4,assault,0.481,"[0.481, 0.255, 0.021, 0.244]"
1192,5,normal,0.431,"[0.33, 0.044, 0.195, 0.431]"
1193,4,assault,0.464,"[0.464, 0.278, 0.023, 0.236]"
1193,5,normal,0.355,"[0.346, 0.11, 0.189, 0.355]"
1194,4,assault,0.447,"[0.447, 0.301, 0.025, 0.228]"
1194,5,assault,0.358,"[0.358, 0.102, 0.21, 0.33]"
1195,4,assault,0.429,"[0.429, 0.324, 0.027, 0.22]"
1196,4,assault,0.411,"[0.411, 0.348, 0.03, 0.211]"
1197,4,assault,0.393,"[0.393, 0.372, 0.033, 0.202]"
1198,4,falldown,0.396,"[0.375, 0.396, 0.036, 0.193]"
1199,4,falldown,0.42,"[0.357, 0.42, 0.04, 0.183]"
1200,4,falldown,0.442,"[0.341, 0.442, 0.045, 0.173]"
1201,4,falldown,0.464,"[0.325, 0.464, 0.049, 0.162]"
1202,4,falldown,0.485,"[0.31, 0.485, 0.055, 0.15]"
1203,4,falldown,0.482,"[0.288, 0.482, 0.041, 0.189]"
1204,4,falldown,0.49,"[0.256, 0.49, 0.04, 0.214]"
1205,4,falldown,0.491,"[0.237, 0.491, 0.042, 0.23]"
1206,4,falldown,0.487,"[0.23, 0.487, 0.044, 0.24]"
1206,5,assault,0.376,"[0.376, 0.114, 0.219, 0.291]"
1207,4,falldown,0.481,"[0.228, 0.481, 0.045, 0.246]"
1207,5,assault,0.391,"[0.391, 0.142, 0.22, 0.247]"
1208,4,falldown,0.48,"[0.228, 0.48, 0.047, 0.245]"
1208,5,assault,0.394,"[0.394, 0.211, 0.205, 0.191]"
1209,4,falldown,0.494,"[0.221, 0.494, 0.049, 0.236]"
1209,5,assault,0.392,"[0.392, 0.265, 0.189, 0.154]"
1210,4,falldown,0.469,"[0.232, 0.469, 0.047, 0.252]"
1210,5,assault,0.394,"[0.394, 0.264, 0.189, 0.153]"
1211,4,falldown,0.443,"[0.244, 0.443, 0.046, 0.268]"
1211,5,assault,0.395,"[0.395, 0.262, 0.19, 0.154]"
1212,4,falldown,0.416,"[0.257, 0.416, 0.043, 0.284]"
1212,5,assault,0.396,"[0.396, 0.26, 0.191, 0.154]"
1213,4,falldown,0.389,"[0.27, 0.389, 0.04, 0.3]"
1213,5,assault,0.396,"[0.396, 0.258, 0.192, 0.154]"
1214,4,falldown,0.361,"[0.286, 0.361, 0.036, 0.317]"
1214,5,assault,0.397,"[0.397, 0.257, 0.192, 0.154]"
1215,4,불확실,0.333,"[0.302, 0.333, 0.033, 0.332]"
1215,5,assault,0.398,"[0.398, 0.257, 0.191, 0.155]"
1216,4,불확실,0.348,"[0.318, 0.304, 0.03, 0.348]"
1216,5,assault,0.398,"[0.398, 0.257, 0.19, 0.155]"
1217,4,normal,0.363,"[0.336, 0.275, 0.026, 0.363]"
1217,5,assault,0.396,"[0.396, 0.257, 0.192, 0.155]"
1218,4,normal,0.378,"[0.355, 0.245, 0.023, 0.378]"
1218,5,assault,0.395,"[0.395, 0.257, 0.193, 0.155]"
1219,4,normal,0.389,"[0.374, 0.217, 0.02, 0.389]"
1220,4,normal,0.401,"[0.393, 0.188, 0.017, 0.401]"
1220,5,assault,0.395,"[0.395, 0.257, 0.192, 0.156]"
1221,4,assault,0.412,"[0.412, 0.162, 0.014, 0.411]"
1221,5,assault,0.395,"[0.395, 0.257, 0.192, 0.156]"
1222,4,assault,0.493,"[0.493, 0.036, 0.003, 0.469]"
1222,5,assault,0.394,"[0.394, 0.257, 0.193, 0.156]"
1223,4,assault,0.492,"[0.492, 0.036, 0.003, 0.469]"
1223,5,assault,0.395,"[0.395, 0.255, 0.195, 0.155]"
1224,4,assault,0.492,"[0.492, 0.036, 0.003, 0.469]"
1225,4,assault,0.493,"[0.493, 0.035, 0.003, 0.469]"
1226,4,assault,0.492,"[0.492, 0.035, 0.003, 0.469]"
1227,4,assault,0.492,"[0.492, 0.035, 0.003, 0.469]"
1228,4,assault,0.493,"[0.493, 0.035, 0.003, 0.469]"
1229,4,assault,0.493,"[0.493, 0.035, 0.003, 0.468]"
1230,4,assault,0.493,"[0.493, 0.035, 0.003, 0.469]"
1231,4,assault,0.493,"[0.493, 0.036, 0.003, 0.469]"
1232,4,assault,0.493,"[0.493, 0.036, 0.003, 0.469]"
1233,4,assault,0.492,"[0.492, 0.035, 0.003, 0.469]"
1234,4,assault,0.492,"[0.492, 0.035, 0.003, 0.469]"
1234,5,assault,0.393,"[0.393, 0.254, 0.199, 0.154]"
1235,4,assault,0.492,"[0.492, 0.035, 0.003, 0.469]"
1235,5,assault,0.392,"[0.392, 0.253, 0.201, 0.154]"
1236,4,assault,0.494,"[0.494, 0.035, 0.003, 0.468]"
1236,5,assault,0.391,"[0.391, 0.254, 0.2, 0.154]"
1237,4,assault,0.493,"[0.493, 0.035, 0.003, 0.469]"
1238,4,assault,0.493,"[0.493, 0.035, 0.003, 0.469]"
1239,4,assault,0.493,"[0.493, 0.035, 0.003, 0.469]"
1240,4,assault,0.493,"[0.493, 0.036, 0.003, 0.469]"
1241,4,assault,0.493,"[0.493, 0.035, 0.003, 0.469]"
1242,4,assault,0.494,"[0.494, 0.035, 0.003, 0.468]"
1243,4,assault,0.494,"[0.494, 0.035, 0.003, 0.467]"
1244,4,assault,0.493,"[0.493, 0.036, 0.003, 0.468]"
1245,4,assault,0.493,"[0.493, 0.036, 0.003, 0.468]"
1246,4,assault,0.493,"[0.493, 0.036, 0.003, 0.468]"
1247,4,assault,0.493,"[0.493, 0.036, 0.003, 0.469]"
1248,4,assault,0.493,"[0.493, 0.036, 0.003, 0.469]"
1249,4,assault,0.492,"[0.492, 0.036, 0.003, 0.469]"
1250,4,assault,0.493,"[0.493, 0.036, 0.003, 0.468]"
1250,5,assault,0.395,"[0.395, 0.248, 0.2, 0.156]"
1251,4,assault,0.493,"[0.493, 0.036, 0.003, 0.468]"
1251,5,assault,0.398,"[0.398, 0.247, 0.199, 0.156]"
1252,4,assault,0.493,"[0.493, 0.036, 0.003, 0.468]"
1253,4,assault,0.493,"[0.493, 0.036, 0.003, 0.468]"
1254,4,assault,0.511,"[0.511, 0.213, 0.018, 0.259]"
1255,4,assault,0.496,"[0.496, 0.234, 0.019, 0.251]"
1256,4,assault,0.479,"[0.479, 0.257, 0.021, 0.242]"
1257,4,assault,0.462,"[0.462, 0.281, 0.023, 0.234]"
1258,4,assault,0.445,"[0.445, 0.305, 0.025, 0.226]"
1259,4,assault,0.427,"[0.427, 0.327, 0.028, 0.218]"
1260,4,assault,0.409,"[0.409, 0.352, 0.03, 0.209]"
1261,4,assault,0.39,"[0.39, 0.376, 0.034, 0.2]"
1262,4,falldown,0.401,"[0.372, 0.401, 0.037, 0.19]"
1263,4,falldown,0.425,"[0.354, 0.425, 0.041, 0.18]"
1264,4,falldown,0.448,"[0.337, 0.448, 0.046, 0.169]"
1265,4,falldown,0.47,"[0.321, 0.47, 0.051, 0.158]"
1266,4,falldown,0.489,"[0.308, 0.489, 0.056, 0.147]"
1267,4,falldown,0.507,"[0.295, 0.507, 0.062, 0.137]"
1268,4,falldown,0.524,"[0.283, 0.524, 0.067, 0.126]"
1269,4,falldown,0.539,"[0.273, 0.539, 0.072, 0.117]"
1270,4,falldown,0.552,"[0.263, 0.552, 0.076, 0.108]"
1271,4,falldown,0.566,"[0.254, 0.566, 0.08, 0.099]"
1272,4,falldown,0.583,"[0.242, 0.583, 0.084, 0.09]"
1273,4,falldown,0.607,"[0.221, 0.607, 0.092, 0.08]"
1274,4,falldown,0.607,"[0.221, 0.607, 0.092, 0.079]"
1275,4,falldown,0.607,"[0.221, 0.607, 0.092, 0.08]"
1276,4,falldown,0.607,"[0.221, 0.607, 0.092, 0.08]"
1277,4,falldown,0.608,"[0.221, 0.608, 0.092, 0.079]"
1278,4,falldown,0.608,"[0.221, 0.608, 0.092, 0.079]"
1279,4,falldown,0.608,"[0.221, 0.608, 0.092, 0.079]"
1280,4,falldown,0.608,"[0.221, 0.608, 0.092, 0.079]"
1281,4,falldown,0.608,"[0.221, 0.608, 0.092, 0.079]"
1282,4,falldown,0.608,"[0.221, 0.608, 0.092, 0.079]"
1283,4,falldown,0.608,"[0.221, 0.608, 0.092, 0.079]"
1284,4,falldown,0.608,"[0.221, 0.608, 0.092, 0.079]"
1285,4,falldown,0.608,"[0.22, 0.608, 0.092, 0.079]"
1286,4,falldown,0.608,"[0.22, 0.608, 0.092, 0.079]"
1287,4,falldown,0.609,"[0.22, 0.609, 0.092, 0.079]"
1288,4,falldown,0.609,"[0.22, 0.609, 0.092, 0.079]"
1289,4,falldown,0.609,"[0.22, 0.609, 0.092, 0.079]"
1290,4,falldown,0.609,"[0.219, 0.609, 0.093, 0.079]"
1291,4,falldown,0.609,"[0.219, 0.609, 0.093, 0.079]"
1292,4,falldown,0.609,"[0.219, 0.609, 0.093, 0.079]"
1293,4,falldown,0.609,"[0.219, 0.609, 0.093, 0.079]"
1294,4,falldown,0.609,"[0.219, 0.609, 0.093, 0.079]"
1295,4,falldown,0.609,"[0.219, 0.609, 0.093, 0.079]"
1296,4,falldown,0.609,"[0.219, 0.609, 0.093, 0.079]"
1297,4,falldown,0.609,"[0.219, 0.609, 0.093, 0.079]"
1298,4,falldown,0.609,"[0.219, 0.609, 0.093, 0.079]"
1299,4,falldown,0.609,"[0.219, 0.609, 0.093, 0.079]"
1300,4,falldown,0.609,"[0.219, 0.609, 0.093, 0.079]"
1301,4,falldown,0.609,"[0.22, 0.609, 0.093, 0.079]"
1302,4,falldown,0.609,"[0.22, 0.609, 0.093, 0.079]"
1303,4,falldown,0.609,"[0.219, 0.609, 0.093, 0.079]"
1304,4,falldown,0.609,"[0.219, 0.609, 0.093, 0.079]"
1305,4,falldown,0.609,"[0.219, 0.609, 0.093, 0.079]"
1306,4,falldown,0.61,"[0.219, 0.61, 0.093, 0.079]"
1307,4,falldown,0.61,"[0.219, 0.61, 0.093, 0.079]"
1308,4,falldown,0.609,"[0.219, 0.609, 0.093, 0.079]"
1309,4,falldown,0.609,"[0.219, 0.609, 0.093, 0.079]"
1310,4,falldown,0.609,"[0.22, 0.609, 0.093, 0.079]"
1311,4,falldown,0.609,"[0.22, 0.609, 0.093, 0.079]"
1312,4,falldown,0.609,"[0.22, 0.609, 0.093, 0.079]"
1313,4,falldown,0.609,"[0.22, 0.609, 0.093, 0.079]"
1314,4,falldown,0.608,"[0.22, 0.608, 0.093, 0.079]"
1315,4,falldown,0.608,"[0.22, 0.608, 0.093, 0.079]"
1316,4,falldown,0.608,"[0.221, 0.608, 0.092, 0.079]"
1317,4,falldown,0.608,"[0.221, 0.608, 0.092, 0.079]"
1318,4,falldown,0.608,"[0.221, 0.608, 0.092, 0.079]"
1319,4,falldown,0.608,"[0.221, 0.608, 0.092, 0.079]"
1320,4,falldown,0.608,"[0.221, 0.608, 0.092, 0.079]"
1321,4,falldown,0.608,"[0.221, 0.608, 0.092, 0.079]"
1322,4,falldown,0.608,"[0.221, 0.608, 0.092, 0.079]"
1323,4,falldown,0.608,"[0.221, 0.608, 0.092, 0.079]"
1324,4,falldown,0.608,"[0.221, 0.608, 0.092, 0.079]"
1325,4,falldown,0.608,"[0.221, 0.608, 0.092, 0.079]"
1326,4,falldown,0.608,"[0.221, 0.608, 0.092, 0.079]"
1327,4,falldown,0.608,"[0.221, 0.608, 0.092, 0.079]"
1328,4,falldown,0.608,"[0.221, 0.608, 0.092, 0.079]"
1329,4,falldown,0.607,"[0.221, 0.607, 0.092, 0.079]"
1330,4,falldown,0.607,"[0.222, 0.607, 0.092, 0.079]"
1331,4,falldown,0.607,"[0.222, 0.607, 0.092, 0.079]"
1332,4,falldown,0.607,"[0.222, 0.607, 0.092, 0.079]"
1333,4,falldown,0.607,"[0.222, 0.607, 0.092, 0.079]"
1334,4,falldown,0.607,"[0.222, 0.607, 0.092, 0.079]"
1335,4,falldown,0.607,"[0.222, 0.607, 0.092, 0.079]"
1336,4,falldown,0.607,"[0.222, 0.607, 0.092, 0.079]"
1337,4,falldown,0.607,"[0.222, 0.607, 0.092, 0.08]"
1338,4,falldown,0.607,"[0.222, 0.607, 0.092, 0.08]"
1339,4,falldown,0.607,"[0.222, 0.607, 0.092, 0.08]"
1340,4,falldown,0.607,"[0.222, 0.607, 0.092, 0.08]"
1341,4,falldown,0.606,"[0.222, 0.606, 0.092, 0.08]"
1342,4,falldown,0.606,"[0.222, 0.606, 0.092, 0.08]"
1343,4,falldown,0.606,"[0.222, 0.606, 0.092, 0.08]"
1344,4,falldown,0.606,"[0.223, 0.606, 0.091, 0.08]"
1345,4,falldown,0.606,"[0.223, 0.606, 0.091, 0.08]"
1346,4,falldown,0.606,"[0.223, 0.606, 0.091, 0.08]"
1347,4,falldown,0.606,"[0.223, 0.606, 0.091, 0.08]"
1348,4,falldown,0.606,"[0.223, 0.606, 0.091, 0.08]"
1349,4,falldown,0.606,"[0.223, 0.606, 0.091, 0.08]"
1350,4,falldown,0.605,"[0.223, 0.605, 0.091, 0.08]"
1351,4,falldown,0.605,"[0.223, 0.605, 0.091, 0.08]"
1352,4,falldown,0.605,"[0.223, 0.605, 0.091, 0.08]"
1353,4,falldown,0.605,"[0.224, 0.605, 0.091, 0.08]"
1354,4,falldown,0.605,"[0.224, 0.605, 0.091, 0.081]"
1355,4,falldown,0.605,"[0.224, 0.605, 0.091, 0.081]"
1356,4,falldown,0.605,"[0.224, 0.605, 0.091, 0.081]"
1357,4,falldown,0.605,"[0.224, 0.605, 0.091, 0.081]"
1358,4,falldown,0.604,"[0.224, 0.604, 0.091, 0.081]"
1359,4,falldown,0.604,"[0.224, 0.604, 0.091, 0.081]"
1360,4,falldown,0.604,"[0.224, 0.604, 0.091, 0.081]"
1361,4,falldown,0.604,"[0.224, 0.604, 0.09, 0.081]"
1362,4,falldown,0.604,"[0.224, 0.604, 0.09, 0.081]"
1363,4,falldown,0.604,"[0.225, 0.604, 0.09, 0.081]"
1364,4,falldown,0.604,"[0.225, 0.604, 0.09, 0.081]"
1365,4,falldown,0.604,"[0.225, 0.604, 0.09, 0.081]"
1366,4,falldown,0.603,"[0.225, 0.603, 0.09, 0.081]"
1367,4,falldown,0.603,"[0.225, 0.603, 0.09, 0.081]"
1368,4,falldown,0.603,"[0.225, 0.603, 0.09, 0.081]"
1369,4,falldown,0.603,"[0.225, 0.603, 0.09, 0.081]"
1370,4,falldown,0.603,"[0.225, 0.603, 0.09, 0.081]"
1371,4,falldown,0.603,"[0.225, 0.603, 0.09, 0.081]"
1372,4,falldown,0.603,"[0.226, 0.603, 0.09, 0.082]"
1373,4,falldown,0.603,"[0.226, 0.603, 0.09, 0.082]"
1374,4,falldown,0.603,"[0.225, 0.603, 0.09, 0.082]"
1375,4,falldown,0.603,"[0.225, 0.603, 0.09, 0.082]"
1376,4,falldown,0.603,"[0.225, 0.603, 0.09, 0.082]"
1377,4,falldown,0.603,"[0.225, 0.603, 0.09, 0.082]"
1378,4,falldown,0.603,"[0.225, 0.603, 0.09, 0.082]"
1379,4,falldown,0.603,"[0.225, 0.603, 0.09, 0.082]"
1380,4,falldown,0.603,"[0.225, 0.603, 0.09, 0.082]"
1381,4,falldown,0.603,"[0.225, 0.603, 0.09, 0.082]"
1382,4,falldown,0.603,"[0.225, 0.603, 0.09, 0.082]"
1383,4,falldown,0.603,"[0.225, 0.603, 0.09, 0.082]"
1384,4,falldown,0.603,"[0.225, 0.603, 0.09, 0.082]"
1385,4,falldown,0.603,"[0.225, 0.603, 0.09, 0.082]"
1386,4,falldown,0.604,"[0.225, 0.604, 0.09, 0.082]"
1387,4,falldown,0.604,"[0.224, 0.604, 0.09, 0.082]"
1388,4,falldown,0.604,"[0.224, 0.604, 0.09, 0.082]"
1389,4,falldown,0.604,"[0.224, 0.604, 0.09, 0.082]"
1390,4,falldown,0.604,"[0.224, 0.604, 0.09, 0.082]"
1391,4,falldown,0.604,"[0.224, 0.604, 0.091, 0.082]"
1392,4,falldown,0.604,"[0.224, 0.604, 0.091, 0.081]"
1393,4,falldown,0.604,"[0.224, 0.604, 0.091, 0.081]"
1394,4,falldown,0.604,"[0.224, 0.604, 0.091, 0.081]"
1395,4,falldown,0.604,"[0.224, 0.604, 0.091, 0.081]"
1396,4,falldown,0.604,"[0.224, 0.604, 0.091, 0.081]"
1397,4,falldown,0.598,"[0.225, 0.598, 0.063, 0.113]"
1398,4,falldown,0.592,"[0.212, 0.592, 0.056, 0.14]"
1399,4,falldown,0.579,"[0.203, 0.579, 0.055, 0.162]"
1400,4,falldown,0.562,"[0.201, 0.562, 0.055, 0.181]"
1401,4,falldown,0.542,"[0.204, 0.542, 0.055, 0.199]"
1402,4,falldown,0.52,"[0.211, 0.52, 0.054, 0.216]"
1403,4,falldown,0.497,"[0.219, 0.497, 0.052, 0.232]"
1404,4,falldown,0.473,"[0.23, 0.473, 0.05, 0.248]"
1405,4,falldown,0.448,"[0.242, 0.448, 0.047, 0.264]"
1406,4,falldown,0.421,"[0.255, 0.421, 0.044, 0.28]"
1407,4,normal,0.414,"[0.109, 0.387, 0.09, 0.414]"
1408,4,normal,0.429,"[0.106, 0.378, 0.087, 0.429]"
1409,4,normal,0.442,"[0.103, 0.37, 0.084, 0.442]"
1410,4,normal,0.454,"[0.101, 0.362, 0.082, 0.454]"
1411,4,normal,0.465,"[0.1, 0.355, 0.08, 0.465]"
1412,4,falldown,0.44,"[0.103, 0.44, 0.041, 0.416]"
1413,4,falldown,0.478,"[0.129, 0.478, 0.037, 0.356]"
1414,4,falldown,0.479,"[0.156, 0.479, 0.038, 0.327]"
1415,4,falldown,0.468,"[0.183, 0.468, 0.039, 0.31]"
1416,4,normal,0.519,"[0.344, 0.12, 0.018, 0.519]"
1417,4,normal,0.48,"[0.384, 0.118, 0.017, 0.48]"
1418,4,normal,0.445,"[0.422, 0.118, 0.016, 0.445]"
1419,4,assault,0.455,"[0.455, 0.117, 0.015, 0.413]"
1420,4,assault,0.484,"[0.484, 0.116, 0.014, 0.386]"
1421,4,assault,0.51,"[0.51, 0.115, 0.013, 0.362]"
1422,4,assault,0.532,"[0.532, 0.114, 0.012, 0.342]"
1423,4,assault,0.554,"[0.554, 0.113, 0.011, 0.321]"
1424,4,assault,0.576,"[0.576, 0.113, 0.011, 0.301]"
1425,4,assault,0.599,"[0.599, 0.112, 0.011, 0.277]"
1426,4,assault,0.621,"[0.621, 0.123, 0.014, 0.241]"
1427,4,assault,0.637,"[0.637, 0.107, 0.013, 0.244]"
1428,4,assault,0.65,"[0.65, 0.091, 0.011, 0.248]"
1429,4,assault,0.661,"[0.661, 0.077, 0.01, 0.252]"
1430,4,assault,0.669,"[0.669, 0.065, 0.008, 0.257]"
1431,4,assault,0.493,"[0.493, 0.037, 0.003, 0.467]"
1432,4,assault,0.493,"[0.493, 0.037, 0.003, 0.467]"
1433,4,assault,0.493,"[0.493, 0.037, 0.003, 0.467]"
1434,4,assault,0.492,"[0.492, 0.037, 0.003, 0.468]"
1435,4,assault,0.492,"[0.492, 0.037, 0.003, 0.468]"
1436,4,assault,0.492,"[0.492, 0.037, 0.003, 0.468]"
1437,4,assault,0.492,"[0.492, 0.037, 0.003, 0.468]"
1438,4,assault,0.509,"[0.509, 0.216, 0.018, 0.258]"
1439,4,assault,0.493,"[0.493, 0.238, 0.02, 0.249]"
1440,4,assault,0.477,"[0.477, 0.26, 0.021, 0.241]"
1441,4,assault,0.461,"[0.461, 0.282, 0.023, 0.233]"
1442,4,assault,0.413,"[0.413, 0.288, 0.018, 0.281]"
1443,4,assault,0.358,"[0.358, 0.305, 0.018, 0.319]"
1444,4,불확실,0.348,"[0.323, 0.308, 0.02, 0.348]"
1445,4,normal,0.372,"[0.305, 0.301, 0.022, 0.372]"
1446,4,normal,0.39,"[0.298, 0.289, 0.023, 0.39]"
1447,4,normal,0.402,"[0.298, 0.276, 0.025, 0.402]"
1448,4,normal,0.41,"[0.302, 0.263, 0.025, 0.41]"
1449,4,normal,0.414,"[0.31, 0.251, 0.025, 0.414]"
1450,4,normal,0.416,"[0.32, 0.24, 0.023, 0.416]"
1451,4,normal,0.416,"[0.33, 0.231, 0.022, 0.416]"
1452,4,normal,0.413,"[0.339, 0.225, 0.022, 0.413]"
1453,4,normal,0.412,"[0.35, 0.218, 0.021, 0.412]"
1454,4,normal,0.408,"[0.359, 0.212, 0.02, 0.408]"
1455,4,normal,0.403,"[0.367, 0.21, 0.02, 0.403]"
1456,4,normal,0.39,"[0.369, 0.221, 0.02, 0.39]"
1457,4,normal,0.373,"[0.354, 0.25, 0.023, 0.373]"
1458,4,normal,0.385,"[0.373, 0.221, 0.02, 0.385]"
1459,4,normal,0.397,"[0.392, 0.194, 0.017, 0.397]"
1460,4,assault,0.411,"[0.411, 0.168, 0.015, 0.407]"
1461,4,assault,0.493,"[0.493, 0.036, 0.003, 0.468]"
1462,4,assault,0.493,"[0.493, 0.036, 0.003, 0.468]"
1463,4,assault,0.51,"[0.51, 0.213, 0.018, 0.259]"
1464,4,assault,0.495,"[0.495, 0.235, 0.019, 0.25]"
1465,4,assault,0.479,"[0.479, 0.258, 0.021, 0.242]"
1466,4,assault,0.431,"[0.431, 0.262, 0.016, 0.291]"
1467,4,assault,0.375,"[0.375, 0.279, 0.017, 0.329]"
1468,4,normal,0.361,"[0.339, 0.281, 0.019, 0.361]"
1469,4,normal,0.386,"[0.32, 0.273, 0.02, 0.386]"
1470,4,normal,0.406,"[0.312, 0.261, 0.021, 0.406]"
1471,4,normal,0.419,"[0.311, 0.248, 0.022, 0.419]"
1472,4,normal,0.428,"[0.316, 0.234, 0.022, 0.428]"
1473,4,normal,0.433,"[0.323, 0.223, 0.022, 0.433]"
1474,4,normal,0.434,"[0.332, 0.213, 0.021, 0.434]"
1475,4,normal,0.434,"[0.342, 0.204, 0.02, 0.434]"
1476,4,normal,0.55,"[0.114, 0.268, 0.068, 0.55]"
1477,4,normal,0.549,"[0.109, 0.273, 0.069, 0.549]"
1478,4,normal,0.493,"[0.111, 0.359, 0.037, 0.493]"
1479,4,normal,0.42,"[0.137, 0.408, 0.035, 0.42]"
1480,4,falldown,0.426,"[0.163, 0.426, 0.036, 0.374]"
1481,4,falldown,0.441,"[0.187, 0.441, 0.038, 0.334]"
1482,4,falldown,0.464,"[0.201, 0.464, 0.04, 0.295]"
1483,4,falldown,0.444,"[0.224, 0.444, 0.039, 0.293]"
1484,4,falldown,0.421,"[0.247, 0.421, 0.038, 0.294]"
1485,4,normal,0.465,"[0.451, 0.073, 0.011, 0.465]"
1486,4,assault,0.48,"[0.48, 0.071, 0.01, 0.439]"
1487,4,assault,0.505,"[0.505, 0.07, 0.009, 0.416]"
1488,4,assault,0.527,"[0.527, 0.069, 0.009, 0.396]"
1489,4,assault,0.546,"[0.546, 0.069, 0.008, 0.378]"
1490,4,assault,0.563,"[0.563, 0.068, 0.008, 0.361]"
1491,4,assault,0.579,"[0.579, 0.067, 0.007, 0.346]"
1492,4,assault,0.595,"[0.595, 0.067, 0.007, 0.33]"
1493,4,assault,0.614,"[0.614, 0.067, 0.007, 0.313]"
1494,4,assault,0.635,"[0.635, 0.067, 0.007, 0.291]"
1495,4,assault,0.66,"[0.66, 0.078, 0.01, 0.252]"
1496,4,assault,0.669,"[0.669, 0.065, 0.009, 0.257]"
1497,4,assault,0.493,"[0.493, 0.037, 0.003, 0.468]"
1498,4,assault,0.493,"[0.493, 0.037, 0.003, 0.468]"
1499,4,assault,0.493,"[0.493, 0.037, 0.003, 0.468]"
1500,4,assault,0.492,"[0.492, 0.037, 0.003, 0.468]"
1501,4,assault,0.509,"[0.509, 0.215, 0.018, 0.258]"
1502,4,assault,0.494,"[0.494, 0.237, 0.02, 0.25]"
1503,4,assault,0.478,"[0.478, 0.259, 0.021, 0.242]"
1504,4,assault,0.461,"[0.461, 0.282, 0.023, 0.234]"
1505,4,assault,0.444,"[0.444, 0.305, 0.025, 0.226]"
1506,4,assault,0.426,"[0.426, 0.328, 0.028, 0.218]"
1507,4,assault,0.409,"[0.409, 0.351, 0.03, 0.21]"
1508,4,assault,0.391,"[0.391, 0.375, 0.033, 0.201]"
1509,4,falldown,0.399,"[0.373, 0.399, 0.037, 0.191]"
1510,4,falldown,0.423,"[0.355, 0.423, 0.041, 0.181]"
1511,4,falldown,0.445,"[0.339, 0.445, 0.045, 0.171]"
1512,4,falldown,0.467,"[0.323, 0.467, 0.05, 0.16]"
1513,4,falldown,0.487,"[0.309, 0.487, 0.056, 0.149]"
1514,4,falldown,0.505,"[0.296, 0.505, 0.061, 0.138]"
1515,4,falldown,0.522,"[0.284, 0.522, 0.066, 0.128]"
1516,4,falldown,0.536,"[0.274, 0.536, 0.071, 0.119]"
1517,4,falldown,0.55,"[0.265, 0.55, 0.075, 0.11]"
1518,4,falldown,0.564,"[0.256, 0.564, 0.079, 0.101]"
1519,4,falldown,0.581,"[0.244, 0.581, 0.084, 0.092]"
1520,4,falldown,0.605,"[0.222, 0.605, 0.092, 0.081]"
1521,4,falldown,0.605,"[0.222, 0.605, 0.092, 0.081]"
1522,4,falldown,0.605,"[0.222, 0.605, 0.092, 0.081]"
1523,4,falldown,0.605,"[0.222, 0.605, 0.092, 0.081]"
1524,4,falldown,0.599,"[0.225, 0.599, 0.064, 0.113]"
1525,4,falldown,0.593,"[0.212, 0.593, 0.055, 0.14]"
1526,4,falldown,0.58,"[0.204, 0.58, 0.053, 0.163]"
1527,4,falldown,0.563,"[0.202, 0.563, 0.054, 0.181]"
1528,4,falldown,0.543,"[0.205, 0.543, 0.054, 0.198]"
1529,4,falldown,0.52,"[0.211, 0.52, 0.052, 0.216]"
1530,4,falldown,0.497,"[0.22, 0.497, 0.05, 0.233]"
1531,4,falldown,0.472,"[0.231, 0.472, 0.048, 0.249]"
1532,4,falldown,0.446,"[0.243, 0.446, 0.045, 0.265]"
1533,4,falldown,0.42,"[0.256, 0.42, 0.043, 0.28]"
1534,4,falldown,0.393,"[0.27, 0.393, 0.04, 0.297]"
1535,4,falldown,0.366,"[0.285, 0.366, 0.037, 0.312]"
1536,4,불확실,0.337,"[0.301, 0.337, 0.033, 0.329]"
1537,4,불확실,0.345,"[0.318, 0.308, 0.029, 0.345]"
1538,4,normal,0.36,"[0.336, 0.279, 0.026, 0.36]"
1539,4,normal,0.374,"[0.354, 0.249, 0.023, 0.374]"
1540,4,normal,0.387,"[0.373, 0.22, 0.02, 0.387]"
1541,4,normal,0.399,"[0.392, 0.192, 0.017, 0.399]"
1542,4,assault,0.411,"[0.411, 0.166, 0.015, 0.409]"
1543,4,assault,0.492,"[0.492, 0.036, 0.003, 0.469]"
1544,4,assault,0.492,"[0.492, 0.036, 0.003, 0.469]"
1545,4,assault,0.493,"[0.493, 0.036, 0.003, 0.468]"
1546,4,assault,0.494,"[0.494, 0.036, 0.003, 0.467]"
1547,4,assault,0.494,"[0.494, 0.036, 0.003, 0.467]"
1548,4,assault,0.495,"[0.495, 0.036, 0.003, 0.466]"
1549,4,assault,0.495,"[0.495, 0.036, 0.003, 0.466]"
1550,4,assault,0.495,"[0.495, 0.036, 0.003, 0.465]"
1551,4,assault,0.495,"[0.495, 0.037, 0.003, 0.465]"
1552,4,assault,0.495,"[0.495, 0.037, 0.003, 0.465]"
1553,4,assault,0.496,"[0.496, 0.037, 0.003, 0.464]"
1554,4,assault,0.495,"[0.495, 0.037, 0.003, 0.465]"
1555,4,normal,0.54,"[0.229, 0.18, 0.05, 0.54]"
1556,4,normal,0.534,"[0.223, 0.189, 0.053, 0.534]"
1557,4,normal,0.544,"[0.2, 0.225, 0.031, 0.544]"
1558,4,normal,0.504,"[0.233, 0.235, 0.028, 0.504]"
1559,4,normal,0.478,"[0.272, 0.224, 0.025, 0.478]"
1560,4,normal,0.457,"[0.313, 0.207, 0.024, 0.457]"
1561,4,normal,0.436,"[0.352, 0.19, 0.021, 0.436]"
1562,4,normal,0.417,"[0.389, 0.175, 0.019, 0.417]"
1563,4,assault,0.422,"[0.422, 0.162, 0.017, 0.399]"
1564,4,assault,0.451,"[0.451, 0.15, 0.015, 0.384]"
1565,4,assault,0.476,"[0.476, 0.14, 0.014, 0.37]"
1566,4,assault,0.497,"[0.497, 0.133, 0.012, 0.357]"
1567,4,assault,0.516,"[0.516, 0.126, 0.011, 0.346]"
1568,4,assault,0.534,"[0.534, 0.12, 0.01, 0.336]"
1569,4,assault,0.568,"[0.568, 0.243, 0.022, 0.166]"
1570,4,assault,0.552,"[0.552, 0.266, 0.023, 0.158]"
1571,4,assault,0.536,"[0.536, 0.29, 0.024, 0.149]"
1572,4,assault,0.523,"[0.523, 0.312, 0.026, 0.139]"
1573,4,assault,0.522,"[0.522, 0.325, 0.027, 0.126]"
1574,4,assault,0.525,"[0.525, 0.314, 0.024, 0.136]"
1575,4,assault,0.479,"[0.479, 0.332, 0.025, 0.164]"
1576,4,불확실,0.338,"[0.31, 0.33, 0.022, 0.338]"
1577,4,normal,0.36,"[0.293, 0.323, 0.024, 0.36]"
1578,4,normal,0.376,"[0.286, 0.312, 0.026, 0.376]"
1579,4,normal,0.387,"[0.287, 0.299, 0.026, 0.387]"
1580,4,normal,0.394,"[0.292, 0.287, 0.027, 0.394]"
1581,4,normal,0.398,"[0.3, 0.276, 0.026, 0.398]"
1582,4,normal,0.4,"[0.309, 0.265, 0.026, 0.4]"
1583,4,normal,0.4,"[0.319, 0.256, 0.025, 0.4]"
1584,4,normal,0.399,"[0.329, 0.249, 0.024, 0.399]"
1585,4,normal,0.396,"[0.338, 0.242, 0.023, 0.396]"
1586,4,falldown,0.479,"[0.333, 0.479, 0.055, 0.133]"
1587,4,falldown,0.508,"[0.313, 0.508, 0.06, 0.119]"
1588,4,falldown,0.547,"[0.281, 0.547, 0.07, 0.103]"
1589,4,falldown,0.552,"[0.276, 0.552, 0.07, 0.102]"
1590,4,falldown,0.558,"[0.271, 0.558, 0.07, 0.101]"
1591,4,falldown,0.563,"[0.265, 0.563, 0.071, 0.1]"
1592,4,falldown,0.568,"[0.26, 0.568, 0.073, 0.099]"
1593,4,assault,0.392,"[0.392, 0.373, 0.033, 0.202]"
1594,4,falldown,0.398,"[0.374, 0.398, 0.037, 0.192]"
1595,4,falldown,0.421,"[0.356, 0.421, 0.041, 0.182]"
1596,4,falldown,0.444,"[0.339, 0.444, 0.045, 0.171]"
1597,4,falldown,0.466,"[0.323, 0.466, 0.05, 0.16]"
1598,4,falldown,0.486,"[0.309, 0.486, 0.055, 0.149]"
1599,4,falldown,0.505,"[0.296, 0.505, 0.061, 0.139]"
1600,4,falldown,0.521,"[0.284, 0.521, 0.066, 0.128]"
1601,4,falldown,0.537,"[0.274, 0.537, 0.071, 0.119]"
1602,4,falldown,0.551,"[0.264, 0.551, 0.076, 0.11]"
1603,4,falldown,0.565,"[0.254, 0.565, 0.08, 0.101]"
1604,4,falldown,0.581,"[0.243, 0.581, 0.084, 0.092]"
1605,4,falldown,0.605,"[0.222, 0.605, 0.092, 0.081]"
1606,4,falldown,0.605,"[0.222, 0.605, 0.092, 0.081]"
1607,4,falldown,0.605,"[0.222, 0.605, 0.092, 0.081]"
1608,4,falldown,0.605,"[0.222, 0.605, 0.092, 0.081]"
1609,4,falldown,0.605,"[0.222, 0.605, 0.092, 0.081]"
1610,4,falldown,0.605,"[0.222, 0.605, 0.092, 0.081]"
1611,4,falldown,0.605,"[0.222, 0.605, 0.092, 0.081]"
1612,4,falldown,0.605,"[0.222, 0.605, 0.092, 0.081]"
1613,4,falldown,0.605,"[0.222, 0.605, 0.092, 0.081]"
1614,4,falldown,0.605,"[0.222, 0.605, 0.092, 0.081]"
1615,4,falldown,0.605,"[0.222, 0.605, 0.092, 0.081]"
1616,4,falldown,0.605,"[0.222, 0.605, 0.092, 0.081]"
1617,4,falldown,0.605,"[0.222, 0.605, 0.092, 0.081]"
1618,4,falldown,0.606,"[0.222, 0.606, 0.092, 0.081]"
1619,4,falldown,0.606,"[0.222, 0.606, 0.092, 0.081]"
1620,4,falldown,0.606,"[0.222, 0.606, 0.092, 0.081]"
1621,4,falldown,0.606,"[0.222, 0.606, 0.092, 0.081]"
1622,4,falldown,0.606,"[0.222, 0.606, 0.092, 0.081]"
1623,4,falldown,0.606,"[0.222, 0.606, 0.092, 0.081]"
1624,4,falldown,0.606,"[0.222, 0.606, 0.092, 0.081]"
1625,4,falldown,0.606,"[0.222, 0.606, 0.092, 0.081]"
1626,4,falldown,0.606,"[0.222, 0.606, 0.092, 0.081]"
1627,4,falldown,0.606,"[0.222, 0.606, 0.092, 0.081]"
1628,4,falldown,0.606,"[0.222, 0.606, 0.092, 0.081]"
1629,4,falldown,0.606,"[0.222, 0.606, 0.092, 0.081]"
1630,4,falldown,0.606,"[0.222, 0.606, 0.092, 0.081]"
1631,4,falldown,0.606,"[0.222, 0.606, 0.092, 0.081]"
1632,4,falldown,0.606,"[0.222, 0.606, 0.092, 0.081]"
1633,4,falldown,0.606,"[0.222, 0.606, 0.092, 0.081]"
1634,4,falldown,0.606,"[0.222, 0.606, 0.092, 0.081]"
1635,4,falldown,0.606,"[0.222, 0.606, 0.092, 0.081]"
1636,4,falldown,0.606,"[0.222, 0.606, 0.092, 0.081]"
1637,4,falldown,0.606,"[0.222, 0.606, 0.092, 0.081]"
1638,4,falldown,0.606,"[0.222, 0.606, 0.092, 0.081]"
1639,4,falldown,0.606,"[0.222, 0.606, 0.092, 0.081]"
1640,4,falldown,0.606,"[0.222, 0.606, 0.092, 0.081]"
1641,4,falldown,0.606,"[0.222, 0.606, 0.092, 0.081]"
1642,4,falldown,0.606,"[0.222, 0.606, 0.092, 0.081]"
1643,4,falldown,0.606,"[0.222, 0.606, 0.092, 0.081]"
1644,4,falldown,0.606,"[0.222, 0.606, 0.092, 0.081]"
1645,4,falldown,0.606,"[0.222, 0.606, 0.092, 0.081]"
1646,4,falldown,0.606,"[0.222, 0.606, 0.092, 0.081]"
1647,4,falldown,0.606,"[0.222, 0.606, 0.092, 0.081]"
1648,4,falldown,0.606,"[0.222, 0.606, 0.092, 0.081]"
1649,4,falldown,0.606,"[0.222, 0.606, 0.092, 0.081]"
1650,4,falldown,0.606,"[0.222, 0.606, 0.092, 0.081]"
1651,4,falldown,0.606,"[0.222, 0.606, 0.092, 0.081]"
1652,4,falldown,0.606,"[0.221, 0.606, 0.092, 0.081]"
1653,4,falldown,0.606,"[0.221, 0.606, 0.092, 0.081]"
1654,4,falldown,0.606,"[0.221, 0.606, 0.092, 0.081]"
1655,4,falldown,0.606,"[0.221, 0.606, 0.092, 0.08]"
1656,4,falldown,0.606,"[0.221, 0.606, 0.092, 0.08]"
1657,4,falldown,0.606,"[0.221, 0.606, 0.092, 0.08]"
1658,4,falldown,0.606,"[0.221, 0.606, 0.092, 0.08]"
1659,4,falldown,0.606,"[0.221, 0.606, 0.092, 0.08]"
1660,4,falldown,0.606,"[0.221, 0.606, 0.092, 0.08]"
1661,4,falldown,0.606,"[0.221, 0.606, 0.092, 0.08]"
1662,4,falldown,0.606,"[0.221, 0.606, 0.092, 0.08]"
1663,4,falldown,0.606,"[0.221, 0.606, 0.092, 0.08]"
1664,4,falldown,0.606,"[0.222, 0.606, 0.092, 0.08]"
1665,4,falldown,0.606,"[0.222, 0.606, 0.092, 0.08]"
1666,4,falldown,0.606,"[0.222, 0.606, 0.092, 0.08]"
1667,4,falldown,0.606,"[0.222, 0.606, 0.092, 0.081]"
1668,4,falldown,0.606,"[0.222, 0.606, 0.092, 0.081]"
1669,4,falldown,0.606,"[0.222, 0.606, 0.092, 0.081]"
1670,4,falldown,0.606,"[0.222, 0.606, 0.092, 0.081]"
1671,4,falldown,0.606,"[0.222, 0.606, 0.092, 0.081]"
1672,4,falldown,0.606,"[0.222, 0.606, 0.092, 0.081]"
1673,4,falldown,0.606,"[0.222, 0.606, 0.092, 0.081]"
1674,4,falldown,0.606,"[0.222, 0.606, 0.092, 0.081]"
1675,4,falldown,0.606,"[0.222, 0.606, 0.092, 0.081]"
1676,4,falldown,0.606,"[0.222, 0.606, 0.092, 0.081]"
1677,4,falldown,0.6,"[0.224, 0.6, 0.064, 0.112]"
1678,4,falldown,0.594,"[0.211, 0.594, 0.057, 0.139]"
1679,4,falldown,0.581,"[0.203, 0.581, 0.056, 0.16]"
1680,4,falldown,0.565,"[0.201, 0.565, 0.055, 0.179]"
1681,4,falldown,0.545,"[0.204, 0.545, 0.055, 0.197]"
1682,4,falldown,0.523,"[0.21, 0.523, 0.054, 0.213]"
1683,4,falldown,0.5,"[0.219, 0.5, 0.052, 0.229]"
1684,4,falldown,0.476,"[0.229, 0.476, 0.05, 0.245]"
1685,4,falldown,0.451,"[0.241, 0.451, 0.047, 0.261]"
1686,4,falldown,0.425,"[0.254, 0.425, 0.044, 0.277]"
1687,4,falldown,0.518,"[0.129, 0.518, 0.102, 0.251]"
1688,4,falldown,0.518,"[0.129, 0.518, 0.099, 0.254]"
1689,4,falldown,0.518,"[0.129, 0.518, 0.097, 0.257]"
1690,4,falldown,0.518,"[0.13, 0.518, 0.094, 0.258]"
1691,4,falldown,0.519,"[0.131, 0.519, 0.092, 0.259]"
1692,4,falldown,0.52,"[0.132, 0.52, 0.089, 0.259]"
1693,4,falldown,0.521,"[0.134, 0.521, 0.087, 0.258]"
1694,4,falldown,0.523,"[0.136, 0.523, 0.084, 0.257]"
1695,4,falldown,0.525,"[0.138, 0.525, 0.082, 0.255]"
1696,4,normal,0.401,"[0.22, 0.312, 0.066, 0.401]"
1697,4,normal,0.377,"[0.22, 0.338, 0.065, 0.377]"
1698,4,falldown,0.366,"[0.219, 0.366, 0.063, 0.352]"
1699,4,falldown,0.394,"[0.218, 0.394, 0.06, 0.327]"
1700,4,falldown,0.424,"[0.217, 0.424, 0.057, 0.303]"
1701,4,falldown,0.454,"[0.214, 0.454, 0.053, 0.279]"
1702,4,falldown,0.485,"[0.212, 0.485, 0.048, 0.255]"
1703,4,falldown,0.517,"[0.209, 0.517, 0.044, 0.231]"
1704,4,falldown,0.549,"[0.206, 0.549, 0.039, 0.206]"
1705,4,falldown,0.508,"[0.183, 0.508, 0.037, 0.272]"
1706,4,falldown,0.536,"[0.199, 0.536, 0.039, 0.226]"
1707,4,falldown,0.532,"[0.199, 0.532, 0.039, 0.23]"
1708,4,falldown,0.541,"[0.214, 0.541, 0.036, 0.208]"
1709,4,falldown,0.547,"[0.22, 0.547, 0.037, 0.196]"
1710,4,falldown,0.547,"[0.224, 0.547, 0.038, 0.191]"
1711,4,falldown,0.546,"[0.227, 0.546, 0.039, 0.188]"
1712,4,falldown,0.546,"[0.229, 0.546, 0.04, 0.185]"
1713,4,falldown,0.546,"[0.23, 0.546, 0.04, 0.183]"
1714,4,falldown,0.546,"[0.231, 0.546, 0.041, 0.182]"
1715,4,falldown,0.546,"[0.232, 0.546, 0.041, 0.18]"
1716,4,falldown,0.547,"[0.233, 0.547, 0.042, 0.179]"
1717,4,falldown,0.546,"[0.234, 0.546, 0.042, 0.178]"
1718,4,falldown,0.546,"[0.234, 0.546, 0.042, 0.177]"
1719,4,falldown,0.546,"[0.235, 0.546, 0.043, 0.176]"
1720,4,falldown,0.545,"[0.236, 0.545, 0.043, 0.176]"
1721,4,falldown,0.543,"[0.237, 0.543, 0.044, 0.176]"
1722,4,falldown,0.539,"[0.24, 0.539, 0.045, 0.177]"
1723,4,falldown,0.528,"[0.245, 0.528, 0.048, 0.179]"
1724,4,falldown,0.501,"[0.259, 0.501, 0.055, 0.185]"
1725,4,falldown,0.505,"[0.258, 0.505, 0.054, 0.182]"
1726,4,falldown,0.51,"[0.257, 0.51, 0.054, 0.18]"
1727,4,falldown,0.591,"[0.22, 0.591, 0.037, 0.151]"
1728,4,falldown,0.591,"[0.22, 0.591, 0.037, 0.151]"
1729,4,falldown,0.591,"[0.22, 0.591, 0.037, 0.151]"
1730,4,falldown,0.591,"[0.22, 0.591, 0.037, 0.151]"
1731,4,falldown,0.591,"[0.22, 0.591, 0.037, 0.151]"
1732,4,falldown,0.626,"[0.201, 0.626, 0.021, 0.153]"
1733,4,falldown,0.603,"[0.233, 0.603, 0.018, 0.146]"
1734,4,falldown,0.568,"[0.268, 0.568, 0.018, 0.146]"
1735,4,falldown,0.53,"[0.302, 0.53, 0.018, 0.151]"
1736,4,falldown,0.493,"[0.334, 0.493, 0.018, 0.156]"
1737,4,falldown,0.456,"[0.364, 0.456, 0.017, 0.163]"
1738,4,falldown,0.42,"[0.393, 0.42, 0.017, 0.169]"
1739,4,assault,0.422,"[0.422, 0.385, 0.017, 0.176]"
1740,4,assault,0.45,"[0.45, 0.351, 0.017, 0.182]"
1741,4,assault,0.477,"[0.477, 0.318, 0.017, 0.188]"
1742,4,assault,0.504,"[0.504, 0.286, 0.016, 0.194]"
1743,4,assault,0.53,"[0.53, 0.256, 0.016, 0.199]"
1744,4,assault,0.555,"[0.555, 0.225, 0.014, 0.205]"
1745,4,assault,0.579,"[0.579, 0.197, 0.013, 0.211]"
1746,4,assault,0.602,"[0.602, 0.17, 0.012, 0.216]"
1747,4,assault,0.622,"[0.622, 0.145, 0.011, 0.222]"
1748,4,assault,0.639,"[0.639, 0.123, 0.01, 0.228]"
1749,4,assault,0.654,"[0.654, 0.104, 0.009, 0.234]"
1750,4,assault,0.665,"[0.665, 0.087, 0.008, 0.24]"
1751,4,assault,0.496,"[0.496, 0.036, 0.003, 0.465]"
1752,4,assault,0.496,"[0.496, 0.037, 0.003, 0.464]"
1753,4,assault,0.496,"[0.496, 0.037, 0.003, 0.464]"
1754,4,assault,0.495,"[0.495, 0.037, 0.003, 0.466]"
1755,4,assault,0.494,"[0.494, 0.037, 0.003, 0.466]"
1756,4,assault,0.494,"[0.494, 0.037, 0.003, 0.467]"
1757,4,assault,0.493,"[0.493, 0.036, 0.003, 0.467]"
1758,4,assault,0.493,"[0.493, 0.036, 0.003, 0.468]"
1759,4,assault,0.493,"[0.493, 0.036, 0.003, 0.467]"
1760,4,assault,0.493,"[0.493, 0.036, 0.003, 0.468]"
1761,4,assault,0.493,"[0.493, 0.036, 0.003, 0.468]"
1762,4,assault,0.494,"[0.494, 0.036, 0.003, 0.467]"
1763,4,assault,0.494,"[0.494, 0.036, 0.003, 0.467]"
1764,4,assault,0.495,"[0.495, 0.036, 0.003, 0.467]"
1765,4,assault,0.495,"[0.495, 0.036, 0.003, 0.466]"
1766,4,assault,0.495,"[0.495, 0.036, 0.003, 0.466]"
1767,4,assault,0.495,"[0.495, 0.036, 0.003, 0.466]"
1768,4,assault,0.495,"[0.495, 0.036, 0.003, 0.466]"
1769,4,assault,0.495,"[0.495, 0.036, 0.003, 0.466]"
1770,4,assault,0.495,"[0.495, 0.036, 0.003, 0.465]"
1771,4,normal,0.678,"[0.22, 0.073, 0.029, 0.678]"
1772,4,normal,0.692,"[0.205, 0.073, 0.031, 0.692]"
1773,4,normal,0.702,"[0.193, 0.073, 0.032, 0.702]"
1774,4,normal,0.709,"[0.182, 0.075, 0.034, 0.709]"
1775,4,normal,0.696,"[0.185, 0.099, 0.02, 0.696]"
1776,4,normal,0.641,"[0.228, 0.113, 0.018, 0.641]"
1777,4,normal,0.603,"[0.267, 0.112, 0.018, 0.603]"
1778,4,normal,0.569,"[0.306, 0.108, 0.017, 0.569]"
1779,4,normal,0.533,"[0.346, 0.105, 0.016, 0.533]"
1780,4,normal,0.498,"[0.385, 0.102, 0.015, 0.498]"
1781,4,normal,0.465,"[0.422, 0.099, 0.014, 0.465]"
1782,4,assault,0.456,"[0.456, 0.097, 0.013, 0.434]"
1783,4,assault,0.485,"[0.485, 0.095, 0.012, 0.407]"
1784,4,assault,0.511,"[0.511, 0.094, 0.011, 0.384]"
1785,4,assault,0.587,"[0.587, 0.205, 0.029, 0.179]"
1786,4,assault,0.583,"[0.583, 0.222, 0.029, 0.165]"
1787,4,assault,0.576,"[0.576, 0.241, 0.03, 0.153]"
1788,4,assault,0.569,"[0.569, 0.26, 0.032, 0.14]"
1789,4,assault,0.57,"[0.57, 0.268, 0.036, 0.126]"
1790,4,assault,0.575,"[0.575, 0.275, 0.05, 0.1]"
1791,4,assault,0.568,"[0.568, 0.28, 0.051, 0.101]"
1792,4,assault,0.558,"[0.558, 0.287, 0.053, 0.102]"
1793,4,assault,0.546,"[0.546, 0.296, 0.056, 0.102]"
1794,4,falldown,0.418,"[0.358, 0.418, 0.04, 0.184]"
1795,4,falldown,0.441,"[0.341, 0.441, 0.044, 0.173]"
1796,4,falldown,0.463,"[0.325, 0.463, 0.049, 0.162]"
1797,4,falldown,0.484,"[0.311, 0.484, 0.054, 0.151]"
1798,4,falldown,0.502,"[0.298, 0.502, 0.06, 0.14]"
